voice,age,sex,happiness
車の返納に対して、もっと動きやすい生活してほしい。年金暮らしだけの私には、苦しく辛い。市役所には、相談事はただの仕事だという考えについていけない。税金だけもらって心からの思いをほしいです。,70～74歳,女性,普通
鯖江市の改善に向けて共にがんばりましょう！！,18～21歳,男性,幸せ
鯖江にも何か観光名所を作るべき。音楽活動ができる場所→音楽で人のつながりを目指す。,30～39歳,男性,不幸
紙の広報紙不要。ネットを使った通知でいい。回覧板も不要。同上。上記紙・印刷代のムダ。マンパワーを使う配布のムダ。せめて希望者のみ紙でいい。,40～49歳,男性,幸せ
政策が多様性でわかりにくい、浸透していないのではないか。やらなければいけない政策はそれでいいが、もっとシンプルに「こういう鯖江に向けて、ここを重点政策とします」と宣言しても良いと思います。少なくとも私には響いていません。,40～49歳,男性,幸せ
鯖江駅、西鯖江駅前の整備（都市化）を第一と考えるべき。鯖江のPRするなら鯖江駅～サンドームまでの歩道周辺の環境を改善する事が大変重要であるが、全く対策されず失望している。,60～64歳,男性,普通
最近の鯖江市に魅力を感じない。他市町村に遅れを取っているように思う。,18～21歳,女性,幸せ
学校でいじわるをされて、家の子は嫌と言いましたが、やめてくれず、くやしくて1時間近く泣いていたそうです。その子はまたいじわるをして話すことが苦手なことを知っている担任の先生は対応してくれなかったのですが、親を心配させまいと学校に行っていますが…。いじめをなくすためにも1人1人対応して欲しです。,30～39歳,女性,普通
とにかく車がないと不便すぎます。タクシーも代行もつかまらない。運賃が高すぎる。バスの最終時間も早い。年寄りになって住み続けることに不安しかありません。,40～49歳,女性,幸せ
高齢の夫婦ですが、週3回ほど生涯スポーツを楽しんでいます。数年前から施設使用料が取られ、夫婦で年間2万円くらい会費がかかります。物価高の中、仲間がみんなぼやいております。昔は活動奨励の助成金がもらえた活動が、減免があるとはいえ、一転有料になるとは。市の財源不足が理由なら、本末転倒だと思います。「(14)生涯現役、生涯青春のまちを目指す。」にも逆行しています。特に地域住民活性化のためにも、無料で開放し、スポーツ文化活動をサポートしてください。市長、市議会議員さんまで届くことをお願いします。,65～69歳,女性,普通
越前市のように鯖江市には子供達が存分に遊べる所が少なく、特に室内でのあそぶところはないので、あったらいいなと思います。,30～39歳,男性,とても幸せ
"児童センターの職員数に対して、預かり児童の人数が多すぎるのではないか？明らかに定員を超えている状態になっている。繁忙時期だけでも増員させるなどの対策は出来ないのか？そのような状態で児童にケガや事故があった場合、責任を取るのか？
Free wifiが弱すぎてあるだけ邪魔。やる気あるなら良質なWifiを提供してほしい
ごみ袋が高すぎる",30～39歳,男性,不幸
鯖江の発展のため、駅・西山公園・サンドーム付近が充実すると住民・観光客の満足度につながると思います。,30～39歳,男性,とても幸せ
公共下水道(農業集落排水)が全て行き渡っているわけではなく、浄化槽を使用しなければならない地域もあり、管理費など不公平感がある。農業集落排水施設の近くであっても、接続できないのであれば、浄化槽を市が一括借り上げして、下水と同じように管理してほしい。,60～64歳,男性,普通
市として、早期、焼却場問題の解決すべき。（税金のむだ）,60～64歳,男性,普通
"職員教育、温故知新、質素倹約、適材適所、市民憲章の理解、市側の成長、各部署・組織連携、情報共有等
『現在の市政は無責任』無働",65～69歳,男性,不幸
アパートの前の砂利道を直してほしいです。（糺町）,22～29歳,女性,とても幸せ
鯖江の公園は全然充実していないです。子供の外で遊べる場所や外でゆっくり過ごせる場所をもっと増やして下さい。西山公園に力を入れ過ぎです。,40～49歳,女性,幸せ
豊地区の下水道は、いつ整備工事してくれるのか、知りたいです。他市町より転入して15年。10年くらいで下水道が通ると聞いていたのですが、何も話しがありません。いつ連絡来るかなと待っていたのに残念です。,40～49歳,女性,普通
少しでも自分の住んでいる市が良くなればと思いで返答させて頂きました。が、今の一番の問題は多額のお金（272億円）を使っての、ゴミ焼却炉をどうするかだと思います。多額の借金返済には、子供や孫までが大変な目にあいます。どんなに自分たちが住んでいる町をよくしようと考えてもトップの方の考えがこれではついていく人がいないと感じています。,50～59歳,女性,幸せ
市の最重要課題。各町内の区長さん等の役員が決まらない。市民主役の政策により各地区町内の○○会、○○協会、○○協議会など作りすぎて、役員の取り合いなので減らすべき。国の70歳まで働き方改革も大きな原因だと思います。,65～69歳,女性,幸せ
なかなかむつかしい問が多くあり困りました。このアンケートを読むと色々取り組まれ、ありがとうございました。,70～74歳,女性,普通
冬の雪かきの時、空地があるのに車庫の前や曲がり角ブロック塀野中まで入れていったり、ブロックの角を削っても直してもらえないなんて…。毎年少しずつでも消雪区域を広めていってほしい。今回のアンケートとだいぶ差がありすぎますが、こういうことも考えて欲しいです。,70～74歳,女性,普通
鯖江市河端町にはポストが今まであったのですが、道が広くなったため、ポストが無くなったので、ウエルシアのどこかにつくるべきです。,75歳以上,女性,普通
JK課があるが、若者・壮年・初老・助成などの課を設けて、全年齢層で取組む！,65～69歳,男性,不幸
つつじバスや神明苑など、利用の少ないもの、採算性の悪いものは早めの廃止など考えた方が良いと思う。ＡＩとか、デジタルとか話についていけません。短期間では無理。少々時間をかけていく必要があるかもしれません。,70～74歳,男性,普通
以前、保育園の面談に来られていた男の人があぐらを組んで物言いも上から目線だったので、とても不快でした。,40～49歳,女性,とても幸せ
医療福祉において、もっと力を入れて取り組んでほしい。高齢者に対して介護に対しての対応も力を入れてもらいたいです。,50～59歳,女性,幸せ
鯖江駅駅裏に住んでいるが、鯖江駅前に車で移動する時、417号線を利用するが、ループになっているので、遠くに感じる。近い距離なのに遠回りしてガソリンと時間の無駄。鯖江駅で電車を降りた時も駅前にしか下りれず駅裏にスムーズに下りれるようになってほしい。鯖江は駅表より駅裏の方が発展していると思うし、駅表と駅裏のアクセスをよくして欲しい。企業と大学と商業施設の誘致で、鯖江はもっと活性化できます。よろしくお願いします。,50～59歳,女性,幸せ
道路の白線の塗直しを早急に実現＆実践してほしい。全く道が分かりません。夕方・雨の日等、全く白線がうすくて運転に不安大です。早急にお願いします。,70～74歳,女性,幸せ
"鯖江と言ったら、つつじ祭りという風な催しと人集めを産業と結び付けて欲しい。
鯖江市商店街を歩行者天国にして、旧市内全体に人が集い、楽しめる催しを考えて欲しい。",65～69歳,男性,普通
子供の手当があまりない気がする。越前市の方が良いなと感じる。子供達が楽しく遊べる公園も鯖江にはあまりない。西山では足りない。歯医者の無料検診もない。子供にとって楽しく、そして子育てしやすくなって欲しい。,22～29歳,女性,とても幸せ
鯖江市の取組アンケートの内容が難しい。もっと分かりやすく説明してほしい。市と県に要望ですが、鯖江市の人口が増えているが、中学校が3校だけで中央中はマンモス学校で生徒に目が行き届いているのか？丹南高校を修復して、吉川・豊エリアを対象に中学校を増やしてほしい。将来の子育てのことを考えて欲しいです。鯖江市が好きで、これからもずーっと住み続けていきたいので、是非頑張ってください。,60～64歳,女性,とても幸せ
町内会活動、公園里親活動等、地域住民と一体となった活動を展開しているが、市からの助成金などが十分でなく、ボランティアが当たり前と思っている様に感じる。,65～69歳,男性,幸せ
職員主体の市役所ではなく、市民主体の市役所であっていただきたい。市役所はつぶれない安定した会社であると思わないでほしい。市民の中には不安定な会社で働いて税金を支払っている人がいることを忘れないでほしい。（大切なことは外注にするな）,65～69歳,男性,分からない
より良い鯖江市に発展するよう共にがんばりましょう。応援しています。,22～29歳,男性,幸せ
今必要なのは、少子高齢化対策・災害対策・環境対策のように感じます。今回のアンケートは範囲が広すぎて、記入に困りました。もう少し簡単なものにしてください。,60～64歳,男性,幸せ
孫たちが市内で遊べる全天候型の施設が欲しい。（雨・雪の日は遊べる場所を求めて市外へ行くことが多い）,60～64歳,男性,とても幸せ
市の公共工事の発注をはっきりしてほしい。何十億も高い所に落札するようなことのないようにしなさい。おかいしです。,75歳以上,男性,不幸
高齢者に対しての取組は成されて無いのですか？,50～59歳,女性,分からない
今住んでいる場所は、秋になると近くにある欅の木から大量の落ち葉が落ちてきます。持ち主の方に市からは何とか言ってもらえないものでしょうか？道幅を広げてもらわないと除雪も入るのが難しい道もあると思います。調査検討して頂けると嬉しく思います。,50～59歳,女性,普通
このようなアンケートもネットを使ってデジタル集計してはどうですか？,50～59歳,女性,普通
鯖江市はとても住みやすい街です。これからは高齢化が進みますので、老人は家にこもる!!ではなく、生き生きと暮らせる。何かしずつ進化していく事を願います。いつもご苦労様です。,50～59歳,女性,普通
職員の方、頑張って下さい。,50～59歳,女性,とても幸せ
毎日暑い中お疲れ様です。,60～64歳,女性,幸せ
田園地帯における有休農地（耕作放棄地）の活用（再利用）を望む空家対策（解体or利用）を望む,70～74歳,男性,幸せ
特に水害に強い行政をお願いします。,75歳以上,男性,普通
河和田地区が雨災害に弱いので重点的に対応すると良い。,75歳以上,男性,幸せ
福井市健康の森（スポーツジム）行きのバスを鯖江から出してほしい。,75歳以上,男性,普通
市の方々へ、いつもお疲れ様です。これからも頑張って下さい。,30～39歳,女性,不幸
他府県から人が来られて行事をする時、場所が鯖江は中途半端な建物しかなく駐車場が狭いか、会場が小さく120人～150人位が入れる場所がない,70～74歳,女性,普通
越前市と比べ産業の低さが目に余る。もう少し産業誘致を考え、人口増を考える必要あり。現在の鯖江はジリ貧で将来性が見れない。人口増になる施策が無いに等しい。,75歳以上,女性,普通
アンケートそのものが答えにくい。,75歳以上,女性,普通
・イオンを誘致してほしい。・焼き鳥合衆国の復活。・数年前まで実施されていた日野川の花火大会の再開。・遊ぶ場所が少ない。・地区の行事や地域の祭りの再開。・つつじバスの便数を増やしてほしい。,16～17歳,男性,普通
市会が円滑に運営出来る様求む,50～59歳,男性,幸せ
道路の整備をしてほしい。,70～74歳,男性,普通
最近災害が各地で多発しており、防災をやかましく言われています。危険区域の指定されておりますが、災害を防止し、未然に防止していくのが行政の一番の仕事と考えますが、火の強い所を先行し、一市民は何ら思恵を受けることなく被災してしまう、やり切れない。予算が無いとか良く聞きますが、一旦発災すれば何倍もの金がかかるし、命まで無くす。どうか予算を前倒ししてでも早期工事の実施を願うものです。,75歳以上,男性,幸せ
本当に市民を大切に思うなら、マイナンバーカードを作らせるな。情報を一元化するすることは、きわめて危険であることは常識。最近のマイナンバーで本人でない銀行口座を登録されることがあり、普通に論外。この時代にクレジットカード番号が流出して平気ですか。,22～29歳,男性,普通
アンケートの意図が良く分かりません。移住より流出を防ぐ方が大事では。無駄な打ち上げ花火が多いのでは。,50～59歳,男性,普通
今の時代ですから、色んな考え方を大切にする多様性の重視と、受容性のある社会になって欲しい。保守的なことも大切ですが、息苦しさを感じる町にしないで欲しい。市民の声を聞く町になって欲しい。,60～64歳,男性,普通
マイナンバーカードを持っている人にも、丹南カードを交付するのは費用がもったいないと感じました。,60～64歳,男性,無回答
歩いている場所に生きがい講座など老人が集まる場を作っていただきたい。,75歳以上,男性,普通
"「ステークホルダー」「DX」「メディカルバレー」等、分からない単語があり、分かりずらい部分もあった。知らない施策ばらりで、それが具体的に何か知りたいと思うが方法が分からない。結局のところ、全ての施策が重要（鯖江市にとって）になるのではないかと思います。たった1,000人に聞いて統計的にそれで良いのか、と疑問に思いました。",30～39歳,女性,幸せ
越前市在住の方から、鯖江市の講演、沿道の木など、管理がされていて綺麗ですと言われたことがあります。私もそう思います。,50～59歳,女性,普通
老人にはこのアンケートは適切な意見も持ち合わせていないので少し難しい問題でした。それよりも老人にとって一番大切なことの対応が遅かったことが気になりました。５月はじめに依頼した介護認定が５月末にしか行けないと言われ、その間家族で対応せよと言うことだが、その代案を示すか、どうすれば良いかを教えて欲しかった。６月末に介護認定が来たのもおかしい。近所の方から聞いたことです。,75歳以上,女性,とても幸せ
交通の利便性を高めてほしい。商業施設を増やしてほしい。若者の買い物の場がない。,18～21歳,男性,普通
"鯖江の子育て支援センターの数を増やしてほしい。（特に午前中は車が停められず帰ったママもいる程混み合っている）
また、支援センターのおたよりなどをおたよりができた時点で市のホームページにも載せてほしい。例えば、越前市は７月のおたよりを６月末には載せている為、子育てイベントや育児相談会等の日程を把握しやすくなっている。また、予約が必要なイベントには「要予約」など分かりやすく記されている。
子育てしやすい環境づくりの為に、他市の良い所をぜひ取り入れてもらいたい。",30～39歳,女性,幸せ
"街中に空き家が目立つので移住促進策に活用出来ると良いと思います。高齢者が気軽に集まれる所があると嬉しいですね。
つつじバスの運行時刻を変更して図書館に行って帰れるようにして欲しいです。",65～69歳,女性,普通
"子どもや若者、お年寄りに焦点が当たるのはもちろんですが、子育てが終わる様な年代の女性にも もっと目を向けていただけたら、と思います。この時期特有のカラダとココロの状態をケアする事は、元気な社会を作るために欠かせないと感じてます。

あと、表面的ではない真の健康に行政が率先して向き合ってくれたらいいなと思っています。
例えば、自然農普及に積極的に取り組み、給食に無農薬の野菜など安心安全な食材を使うといった取り組みをしている自治体がありますが、鯖江もそっちの方向に向かっていってほしいと思います。
(実際に取り組んでいる事があるのかもしれませんが、私には全く届いていません。)

食は根本。根気のいる活動ですが、市民の意識を改革するくらいの取り組みを願います。",50～59歳,女性,幸せ
アンケート長すぎます。,50～59歳,女性,とても幸せ
"災害に対する対応を早急にお願いしたい。何度同じ場所で川の氾濫がおきるのか。
大雨の予報がでるたびに夜中に何度も起きて川の水位の確認、車を安全な場所に移動したり荷物を高い位置に移動しなければならず、まったく安心して生活できない。
子供の通学路に熊や猿がでる、中学・高校まで遠く雨や雪が降れば送り迎えが必要になり、長い間会社員として勤めていても正社員として働くのがむずかしくなってしまう。
鯖江の地域的なものかもしれないが、なんて生活・子育てをしにくい地域だろうと思っており、機会があればすぐにでも鯖江から出たい。
せめて災害で年に何度も命の危険におびえずにすむ環境にしてほしい。",40～49歳,女性,不幸
新幹線が鯖江にとまらない事が残念です,40～49歳,女性,とても幸せ
"このアンケートは回答項目が多すぎて、郵送やインターネットで回答をいきなり求める形態はそぐわないのではないでしょうか。内容についても、ある程度、市政について理解するための講義などを受けてからであれば、各項目の重要度合いなどをきちんと考えを整理して判断回答できると思います。

問4ですが、進学で他の都道府県に居住している場合の選択肢がないように思われます。",18～21歳,男性,普通
意味のあるデータが得られるとは思えないアンケートでした。,65～69歳,男性,幸せ
"アンケートが非常に回答しにくいです。項目、質問の多さに途中から、わけが分からなくなり、市民の声を反映するには、良くないフォーマットに感じます。
これから、全ての項目を良くしていくのは難しいと思うので、行政として特に力を入れていきたい内容でアンケートを作ってはいかがでしょうか。",30～39歳,女性,とても幸せ
"地域により、鯖江市内で人口の差が年々出ていることに対しての対策がなされているのか疑問に思う。住宅の多い地域には自然と店舗や様々な機関も増え、より住みやすくなる一方、土地（田）はあっても住宅を建てることのできない地域に指定され、建てたくても建てることができない。田を手放したくても手放すことができない。
若者は他地域や市外へ出てしまうため、人口減少後期高齢化に拍車がかかり、街も活気をなくしていく。。。
中央中学校や鯖江中学校の生徒数が増え、教室が足りない、、など昔から聞く話だか、校区編成を改めるといいのではと思う。鯖江東小学校区は自転車通学で十分、東陽中学校へ通学可能でしょうし、中河小学校区も、選択性にして人数の多い学校へ流さなくてもいいと思う。新しい校舎を増設などを考える前に違う角度から考えてほしい。
以上、よろしくお願いします。",40～49歳,女性,とても幸せ
"福井市に負けない県内で一番大きい商業施設や遊び場を作って欲しい
イオン、コストコ、ラウンドワン、アウトレットパークの誘致をしてほしいです。(ラウンドワンにはコロナ前直接要望を送りました)
めんたいパークみたいな施設でもいいです。とにかく県内の人が遊びに行ける施設がないです。

若者が遊べる屋内施設がないので悲しいです。
ただでさえ関東や関西のように隣の県に気軽に行ける感じではないのに、他の県にあるような遊び場すらなくて日々の面白みにかけます。
子供を連れて休日お出かけできるような施設が欲しいです。大型の子ども向けの遊べる施設でもいいです。

鯖江のアルプラザの映画館に4DXを導入して欲しいです。鯖江の映画館は鬼滅の刃の時にTwitterでバズるくらい宣伝に力を入れていたし、鯖江の映画館が4DXをいち早く導入すれば県内の人がみんな鯖江市に遊びにくると思います。


鯖江のシャッター街のところが食べ歩きできるスポットや、武生みたいに新しいカフェを誘致して欲しいなとも思います。
武生…新しいカフェ　敦賀…屋台ラーメンみたいなイメージがあるのに、鯖江はシャッター街なのが悲しいです。
新しいカフェや食べ歩きができる飲食店を誘致して、TikTokやインスタグラムで福井飯や食べ歩きを紹介してるインフルエンサーに紹介してもらったりして街を盛り上げて欲しいです。
(誘致はすぐには無理でも、インフルエンサーとコラボして町を盛り上げる企画をしたらいいのになと思います)",22～29歳,女性,とても幸せ
色々な取り組みをされているようですが、質問に対してどのような実績や効果があったのかなどが不明で「分からない」との回答がほとんどでした。発信されているものをこちらが存じ上げていないだけかもしれません。,50～59歳,男性,幸せ
"子供の遊び場が少ない
財源が無いのでサービスの質が劣るのは仕方ないと思う。
イベント、サービスは量より質",22～29歳,回答しない,不幸
"今回、市議会議員選での演説の中には、市役所内の事を改善していかなくてはいけません。と発言される方がおられました。
それほどダメなのでしょうか？
今回新人議員さんが当選しています。
女性議員もお二人新人としておられます。
この新人議員さんを潰さないでください。大切に育てて、鯖江市の為に大いに力を発揮していただける様大切に働きやすい環境で、一致団結して、得意分野を一人一人活かしながら、ガラス張りの、本当の市民主役まちづくりをお願いします。",50～59歳,女性,とても幸せ
アンケートの質問数が多すぎて嫌になる,60～64歳,男性,幸せ
"このアンケートの項目がほぼ意味不明で意味あるのか？
政策も具体的に何をしたかも不明で判断できない
極論全部重要だし満足度も他と比べようもなく普通としか言えない
あと長すぎ",40～49歳,男性,幸せ
"市議会議員の定数が多すぎます。
政治ではなくNPOなどで活動すれば良いような政策を掲げて当選する議員がいることに疑問を感じます。",30～39歳,女性,普通
"にぎやかな鯖江になってほしい
",中学生,女性,２．一度、市を出て、また帰ってきたい
"もうちょい都会になってほしい
",中学生,女性,３．市内の他の地区に移りたい
"東京並みの都会
田んぼが多すぎるから田んぼがある土地に若者が遊べる施設を作ってほしい
",中学生,回答しない,４．県内の他の市町に移りたい
"安心して暮らせる街
",中学生,女性,１．いま住んでる地区にずっと住み続けたい
"鯖江市にまだない建物をたててほしい
買い物、遊ぶ場所など
もっといろんなたてものをたててほしい
",中学生,女性,２．一度、市を出て、また帰ってきたい
"特に何もありません
もっと遊べる場所を増やしてほしい
",中学生,女性,１．いま住んでる地区にずっと住み続けたい
"もっと遊び場を作ろう
",中学生,男性,５．県外に移りたい
"すべての人が平等に活動できる街。
鯖江市の東側と、西側で、格差があること
",中学生,女性,４．県内の他の市町に移りたい
"もっと発展してほしい
特にない
",中学生,男性,５．県外に移りたい
"ゴミが道とかに落ちているから落ちないようにする
特にない
",中学生,女性,５．県外に移りたい
"三大都市圏にはいるぐらい発達してほしい
",中学生,女性,５．県外に移りたい
"ゴミが多いため、ゴミを少なくする取り組みをする。
特になし
",中学生,女性,２．一度、市を出て、また帰ってきたい
"誰もが、安心安全に暮らせる市になってほしい。
鯖江市は住みやすいです。
",中学生,女性,２．一度、市を出て、また帰ってきたい
"アルプラザに「IDOLY」というプリクラ機を設置してほしい。
友達と遊べる場所をもっと増やしてほしい。
ない
",中学生,女性,２．一度、市を出て、また帰ってきたい
"楽しい街鯖江
文房具屋をおおくしてほしい
",中学生,男性,２．一度、市を出て、また帰ってきたい
"もっと楽しくなってほしい
特にないし
",中学生,女性,５．県外に移りたい
"ショッピングモールをたててほしい
ない
",中学生,男性,１．いま住んでる地区にずっと住み続けたい
"若者や高齢者が住みやすく、交通網が発達していてほしいです。
もう少し行事を増やすと良いです。
",中学生,女性,２．一度、市を出て、また帰ってきたい
"メガネの生産100％
交通整理
",中学生,男性,５．県外に移りたい
"あまり都市開発などを行わず、自然や文化を残してほしい。
もう少しイベントを行ってほしい
",中学生,男性,５．県外に移りたい
"有名な建物をもっと増やしたいと思う
有名な建物を増やしてほしいです
",中学生,女性,５．県外に移りたい
"店や施設がたくさんできてにぎやかな街
",中学生,男性,２．一度、市を出て、また帰ってきたい
"自然豊か！！！！！！！！
なーーーーーーーーーーーーーーーーーーーーーーーーーーーーーーーーーーーーーーーーーーーーーーーーーーーーーい
",中学生,男性,５．県外に移りたい
"交通網が整備されている
",中学生,男性,５．県外に移りたい
"移動しやすい街
移住者が多い街
人がたくさん来る街
",中学生,女性,４．県内の他の市町に移りたい
"交通網が発達していて、地域の魅力がある町
自転車をはしらせるところで、歩道や自転車道が、狭いもしくは、無いときがあるから専用の道をつくってほしい
（町並みとかきれいでサイクリングとかしてる観光客の人がクラクション鳴らされてるのをたまに見る）
⇒自転車に乗って景色見たりする人が減る
",中学生,男性,５．県外に移りたい
"お店をもっとおいたほうがいい
",中学生,女性,２．一度、市を出て、また帰ってきたい
"お店が増えてほしい
遊べる場所を増やしてほしい
交通網が整備されてほしい
ショッピングモールやお店の種類を増やしてほしい
",中学生,女性,５．県外に移りたい
"交通網が発達してほしい
",中学生,女性,５．県外に移りたい
"色々な遊べる場所ができてほしい。
",中学生,女性,５．県外に移りたい
"鯖江市が自然豊かで、お店や商店街があるにぎやかな街になってほしい！
そして、交通手段も増えてほしい！
鯖江市は空気もとてもきれいで自然も豊かなのでそれを活かした街づくりをするのがいいと思います！
",中学生,女性,２．一度、市を出て、また帰ってきたい
"バスなどがたくさんあって車の免許がなくても移動できる
歩道がガタガタしている
",中学生,女性,５．県外に移りたい
"鯖江の産物を使用した製品や食べ物がたくさん人々に広まってほしい
",中学生,女性,４．県内の他の市町に移りたい
"災害対策がしっかりできている
防犯対策を一度見直してほしい
",中学生,女性,２．一度、市を出て、また帰ってきたい
"交通網を整備してほしい
",中学生,男性,５．県外に移りたい
"交通網が発達している
",中学生,女性,２．一度、市を出て、また帰ってきたい
"歩行者や自転車でも安心して移動できる
歩道を整備する
曲がり角などにカーブミラーを設置する
",中学生,男性,１．いま住んでる地区にずっと住み続けたい
"施設などを建てる
頑張れ！
",中学生,男性,５．県外に移りたい
"良い未来
",中学生,男性,１．いま住んでる地区にずっと住み続けたい
"バスの本数とかを増やして鯖江市内を気軽に移動できるようなシステムがほしい
楽しいイベントを増やしてほしい
",中学生,男性,２．一度、市を出て、また帰ってきたい
"交通手段が多く、環境もきれいな街。
",中学生,女性,２．一度、市を出て、また帰ってきたい
"イオンとラウンドワンができてほしい
お店をほしいです
",中学生,女性,２．一度、市を出て、また帰ってきたい
"このままバランスを崩さずいってほしい。
あまりないです｡(強いて言うなら体育座り:別名囚人座りをやめさせてほしいこと)
",中学生,男性,１．いま住んでる地区にずっと住み続けたい
"環境にいい鯖江
",中学生,女性,１．いま住んでる地区にずっと住み続けたい
"今のように、自然豊かな鯖江市をこのまま残していきたいです。
信号機を増やしてほしいです。
",中学生,男性,２．一度、市を出て、また帰ってきたい
"鯖江の競技場にサブトラックをつくる
",中学生,男性,１．いま住んでる地区にずっと住み続けたい
"遊べるところが増える
交通手段が増えてほしい
",中学生,女性,２．一度、市を出て、また帰ってきたい
"イオンモールなどの大型ショッピングモールの建設
",中学生,男性,５．県外に移りたい
"環境をきれいにしたい
将来給料を増やしてほしい
",中学生,男性,２．一度、市を出て、また帰ってきたい
"事故や犯罪の少ない街
",中学生,男性,１．いま住んでる地区にずっと住み続けたい
"コクリコ坂みたいな昔の町並みで、でもちょっとは近代的な感じの町並みがいい
",中学生,女性,１．いま住んでる地区にずっと住み続けたい
"イオンモールが欲しい
給付金をください
",中学生,男性,５．県外に移りたい
"観光地が多い鯖江市
イオンモールほしいです
",中学生,男性,５．県外に移りたい
"暮らしにくいと思う場面があるが、自然が良い
ないです
",中学生,女性,２．一度、市を出て、また帰ってきたい
"いつでも遊べる場所がほしい
",中学生,女性,１．いま住んでる地区にずっと住み続けたい
"イオンを建ててほしい
",中学生,女性,５．県外に移りたい
"福井県外からもたくさん来るような街
頑張ってください
",中学生,男性,５．県外に移りたい
"ショピングモールなどを増やしてほしい
勉強できる場所を増やす
",中学生,女性,１．いま住んでる地区にずっと住み続けたい
"昔ながらの伝統を受け継いでいってほしい
これからも市民の安全や暮らしを守っていってほしい
",中学生,女性,１．いま住んでる地区にずっと住み続けたい
"大きい広場があったり
道の駅をもっと豪華にしてほしい
ない
",中学生,男性,４．県内の他の市町に移りたい
"大型ショピングモールを建てる
大都市にしてください
",中学生,男性,５．県外に移りたい
"公共の施設（遊べる建物）を作ってほしい
道路でボコボコしたところがある
",中学生,女性,１．いま住んでる地区にずっと住み続けたい
"みんなが明るく暮らせる鯖江市
",中学生,男性,２．一度、市を出て、また帰ってきたい
"イオンモールとラウンドワンがある市
ない
",中学生,回答しない,４．県内の他の市町に移りたい
"友達と遊べるところが多くなってほしい
友達と遊べる場所を増やしてほしい
",中学生,女性,５．県外に移りたい
"自然がいっぱいなまち
",中学生,女性,２．一度、市を出て、また帰ってきたい
"スーパーが増えて都会になる
遊ぶ場所が増えてほしい
",中学生,女性,５．県外に移りたい
"大型施設やお店をもっと増やしてもっとにぎやかになってほしい
",中学生,女性,２．一度、市を出て、また帰ってきたい
"自然豊かな街
ない
",中学生,女性,５．県外に移りたい
"さらに住みやすいまち
特にない
",中学生,女性,１．いま住んでる地区にずっと住み続けたい
"特にない
特にないです。
",中学生,女性,２．一度、市を出て、また帰ってきたい
"商業施設をたくさんつくる
今も楽しいけどもっと楽しいところにしてほしいです
",中学生,女性,４．県内の他の市町に移りたい
"ばすけっとこーと
なし
",中学生,男性,２．一度、市を出て、また帰ってきたい
"特になし
特になし
",中学生,女性,４．県内の他の市町に移りたい
"もっとお店を多くして明るくしたい
ない
",中学生,女性,４．県内の他の市町に移りたい
"家族を幸せにしたい
イオン建てなかったのマジナイス
",中学生,男性,１．いま住んでる地区にずっと住み続けたい
"さらに住みやすい街
特にない
",中学生,女性,１．いま住んでる地区にずっと住み続けたい
"もっと活気のある市になってほしい
隣の越前市はたくさんテニスコートがあるのに対し、西番テニスコートが壊されてしまい、鯖江市はテニスできる環境が整ってないことを不満に思っている
",中学生,女性,２．一度、市を出て、また帰ってきたい
"おおきい
イオンモールをつくってほしい（大きい）
",中学生,女性,５．県外に移りたい
"もっと豊な市になってほしい
きれいな街でいいところ
",中学生,男性,２．一度、市を出て、また帰ってきたい
"アニメイトやイオン都会にあるものがほしい
ない
",中学生,女性,５．県外に移りたい
"移動手段が素晴らしい街
もっと遊ぶ場所がほしい
",中学生,男性,２．一度、市を出て、また帰ってきたい
"笑顔がたくさんある街
ない
",中学生,女性,２．一度、市を出て、また帰ってきたい
"都会になってほしい
ない
",中学生,男性,５．県外に移りたい
"市をもっと明るく
ない
",中学生,女性,２．一度、市を出て、また帰ってきたい
"クリスマスに学校で参加自由の市が負担するパーティーをすること
",中学生,男性,２．一度、市を出て、また帰ってきたい
"街のみんなが優しく住みやすい街
バスケットゴールを公園につけてほしい
",中学生,男性,１．いま住んでる地区にずっと住み続けたい
"どんな人でもゆったりのびのび暮らせる平和な市。
特になし。
",中学生,男性,１．いま住んでる地区にずっと住み続けたい
"活気ある街
",中学生,男性,５．県外に移りたい
"イオン
ない
",中学生,男性,２．一度、市を出て、また帰ってきたい
"ない
ない
",中学生,男性,２．一度、市を出て、また帰ってきたい
"人が集い・輝き・挑戦し・笑顔が溢れる街
どんな政治を目指してる
",中学生,女性,１．いま住んでる地区にずっと住み続けたい
"みんなが平和に暮らせる街
遊べる所を多くしてほしい
",中学生,女性,２．一度、市を出て、また帰ってきたい
"今よりものどかな市
遊びでサッカーができるグラウンドを作ってください
",中学生,男性,１．いま住んでる地区にずっと住み続けたい
"にぎやか
遊ぶ場所が少ない
バスケットコートがほしい
",中学生,男性,５．県外に移りたい
"犯罪が最も少ない街
",中学生,男性,４．県内の他の市町に移りたい
"面白い商店街作って
ないです
",中学生,女性,１．いま住んでる地区にずっと住み続けたい
"政令指定都市なること
みんな鯖江どう？
",中学生,男性,４．県内の他の市町に移りたい
"安心して住める町
イオンモール
アウトレット
",中学生,女性,２．一度、市を出て、また帰ってきたい
"若者が引っ張っていくような新しい鯖江
ジェンダーの関係がなく誰もがやりたい仕事などができる街
イオンなどの便利な施設がある
鯖中から丹南に行かないといけないっていうのを伝えるのが遅い
市民のことを考えてほしい
学校に行くときに自転車の中に宣伝の紙入れてくるのやめてください危ない
ドラッグストア多すぎ。他のもの作ってほしい
",中学生,女性,５．県外に移りたい
"ショッピングモール作って欲しいです
",中学生,女性,１．いま住んでる地区にずっと住み続けたい
"安心して遊べる場所を増やす
遊ぶ場所を増やしてほしい
",中学生,女性,１．いま住んでる地区にずっと住み続けたい
"アウトレットなどの娯楽系の施設をたくさん作ってほしい。でも、農業なども大切に残してほしい。
医療などの施設も充実してほしい
",中学生,男性,５．県外に移りたい
"たくさん遊べる
とにかく遊ぶ場所少なすぎ
",中学生,女性,４．県内の他の市町に移りたい
"栄えてて楽しい街
",中学生,男性,５．県外に移りたい
"もっと人口が増える
もっともっと、眼鏡についてアピールすると、観光客が増えると思います。
",中学生,男性,５．県外に移りたい
"東京を超える大都市
西山公園の入場料をとる（西山公園は集客も桜や紅葉の時期も入場料をとっても行えると思いますし鯖江市の財政が豊かになると思います。）
",中学生,男性,２．一度、市を出て、また帰ってきたい
"暮らしやすい街
イオン
",中学生,男性,１．いま住んでる地区にずっと住み続けたい
"大型商業施設がほしい
選挙運動がうるさい
",中学生,回答しない,５．県外に移りたい
"災害やウイルスの流行らないみんなが毎日健康でいられる町
遊ぶ場所が少なすぎる
",中学生,女性,２．一度、市を出て、また帰ってきたい
"人が賑わっていて　明るい
いい街にしてほしい
",中学生,女性,５．県外に移りたい
"もっと現代的なまちづくりをつくったほうがいいとおもう
他の市は結構魅力的な文化がある
",中学生,男性,２．一度、市を出て、また帰ってきたい
"田舎過ぎないけど、都会すぎない町
今の鯖江を変えます！
",中学生,女性,１．いま住んでる地区にずっと住み続けたい
"ない
学校に行く子供にも給料を与えてほしい（毎月40万ぐらい）
",中学生,回答しない,２．一度、市を出て、また帰ってきたい
"適当に都会化するのではなく、いいところを活かしたまちづくりをしてほしい
税金さげてほしい
",中学生,女性,５．県外に移りたい
"都会になってほしい
街を変えろ
",中学生,男性,５．県外に移りたい
"マイクラの施設を立てる

アトラクション、グッズショプなど
施設を立てて欲しい
",中学生,男性,１．いま住んでる地区にずっと住み続けたい
"安心安全にくらしたい
これからもがんばってください
",中学生,女性,２．一度、市を出て、また帰ってきたい
"もうちょっとスーパーてきな店が近くにあると良い。
",中学生,男性,２．一度、市を出て、また帰ってきたい
"安心したまちづくりのため一人一人が環境・伝統を守り続けたい。
一人一人が責任を持って市をまとめられるよう頑張ってください。
",中学生,女性,２．一度、市を出て、また帰ってきたい
"鯖江は子供向けのお店が少ないので子供向けのお店を増やすといいと思います。

文化を大切にするイベントも増やしてほしいです。
鯖江の好きなところは眼鏡の技術や西山公園だからイベントやボランティアにはたくさん参加したいと思います。
",中学生,回答しない,２．一度、市を出て、また帰ってきたい
"もっと良い町
鯖江中学校のグランドにネットを立ててほしい。（田んぼなどにボールが飛んでいかないようにしてほしい）
",中学生,男性,１．いま住んでる地区にずっと住み続けたい
"遊園地、ラウンドワン、イオンがほしい
友達と遊べる場所を増やしてほしい
",中学生,女性,５．県外に移りたい
"自然豊かだから、それをいかすと良いと思う。
とくにないです。
",中学生,女性,２．一度、市を出て、また帰ってきたい
"夢の国を作ってほしい
豊にコンビニをふやしてほしい
",中学生,女性,５．県外に移りたい
"産業が盛んで暮らしやすい
田んぼしかない、
",中学生,男性,５．県外に移りたい
"無いです
鯖江市は最高！
",中学生,男性,２．一度、市を出て、また帰ってきたい
"いろんな人がきてくれるような街にしてほしい
もっと鯖江の営業の仕方を考えてほしい
",中学生,女性,５．県外に移りたい
"スポーツを頑張りたい人のためにスポーツができる体育館を増やしたり競技場を増やして、スポーツ環境を良くしてほしい
バスケコートを増やしてほしい
",中学生,男性,５．県外に移りたい
"ビルとかが沢山あるまち
イオン建てて!！
",中学生,男性,２．一度、市を出て、また帰ってきたい
"大型商業施設があるといい
いつもお疲れ様です
",中学生,男性,２．一度、市を出て、また帰ってきたい
"テニスコートを鯖江市に作ってほしい。
もう少し公園を増やしてほしい。
",中学生,男性,１．いま住んでる地区にずっと住み続けたい
"量産型ザク
ストライクフリーダムガンダム
",中学生,男性,１．いま住んでる地区にずっと住み続けたい
"ない
バスケットコートを作ってほしいです
",中学生,男性,２．一度、市を出て、また帰ってきたい
"みんなが過ごしやすい健康なまち
特になし
",中学生,女性,４．県内の他の市町に移りたい
"自然豊かな街が続いてほしい
ない
",中学生,男性,１．いま住んでる地区にずっと住み続けたい
"自由欲しい
もっと自由が欲しい
",中学生,男性,５．県外に移りたい
"鯖江市が環境のいい街担ってほしい
他の県よりも環境トップになってほしい
",中学生,男性,５．県外に移りたい
"都会になってほしい
田んぼを少し減らして店を作ってほしい
",中学生,男性,５．県外に移りたい
"新幹線が開通し、新幹線で旅行に来たり、観光に来たりした人たちを歓迎し、発展していっている市になっていたらいいなと思う。
ありません
",中学生,男性,１．いま住んでる地区にずっと住み続けたい
"スポーツができる公園で休憩できるところ作ったり
バスケットコート作る
ない
",中学生,男性,２．一度、市を出て、また帰ってきたい
"三大都市圏を四大都市圏になるような都会にする
もうちょい住みやすい街にしよ
",中学生,男性,４．県内の他の市町に移りたい
"身近に自然がありながらも、大きなショッピングモールなどもあるまち
う
",中学生,男性,１．いま住んでる地区にずっと住み続けたい
"三大都市圏並ぶくらいの大都市になるといいと思う
特になし
",中学生,男性,５．県外に移りたい
"自然豊かな街にしてほしい
特にない
",中学生,男性,２．一度、市を出て、また帰ってきたい
"人工がもっと増えていろんなことが発展していってほしい
",中学生,男性,５．県外に移りたい
"子どもたちも笑顔で楽しところ
特にない
",中学生,男性,２．一度、市を出て、また帰ってきたい
"イオンを作ってほしい
",中学生,女性,２．一度、市を出て、また帰ってきたい
"特にありません
特にありません
",中学生,男性,１．いま住んでる地区にずっと住み続けたい
"にぎやかな街
特になし
",中学生,女性,２．一度、市を出て、また帰ってきたい
"自然豊か
なし
",中学生,男性,５．県外に移りたい
"友達と遊べる場所をつくる
特にないです
",中学生,女性,４．県内の他の市町に移りたい
"将来の子どもたちのためにももっとたくさんのあそぶところが増えてほしいなと思います
下新庄になんかたててください可哀想です
",中学生,女性,５．県外に移りたい
"みんなが落ち着いて暮らせる地域にしてほしい。
特にありません
",中学生,男性,１．いま住んでる地区にずっと住み続けたい
"いろんなことが発展し住みやすい町
遊ぶ場所が沢山ある町
犯罪が多い
羨ましい
",中学生,女性,５．県外に移りたい
"楽しめる場所が増えてほしい
歩道が狭いとこがある
",中学生,女性,１．いま住んでる地区にずっと住み続けたい
"知名度を上げたい
イオンを建ててほしい
",中学生,女性,２．一度、市を出て、また帰ってきたい
"建物はある方だけど自然がきれいな街
温泉、旅館を作ってほしい
",中学生,女性,５．県外に移りたい
"いろいろなスポーツ施設などを増やして、鯖江市民がスポーツに親しくなったほしい
発展している市とあまり発展していない市があるので発展していない市をもうちょっと盛んにしてほしい
",中学生,男性,２．一度、市を出て、また帰ってきたい
"日本はもちろん世界に誇れる街にしたい。（メガネ以外で）
赤字経営をやめること。
",中学生,男性,２．一度、市を出て、また帰ってきたい
"鯖江にデパートを作って欲しい
毎日家族や町の人達が安全に暮らせてありがとうございます
",中学生,男性,１．いま住んでる地区にずっと住み続けたい
"みんなが安心して暮らせるような市
得になし
",中学生,男性,２．一度、市を出て、また帰ってきたい
"ない
ない
",中学生,男性,４．県内の他の市町に移りたい
"みんなが楽しく暮らせていつでもにぎやかな街
１軒でもいいから大きい店を立ててほしい
",中学生,女性,５．県外に移りたい
"中学生などが楽しく遊んだりできるところができるといいと思う
ないです
",中学生,女性,１．いま住んでる地区にずっと住み続けたい
"そのままでいい
",中学生,女性,１．いま住んでる地区にずっと住み続けたい
"交通の便がいい街がいい
なし
",中学生,男性,１．いま住んでる地区にずっと住み続けたい
"あまり建物を建てすぎないでほしい
高齢者だけでなく若い人もたくさん住んでほしい
議員の方はちゃんとお仕事をされているのか心配
",中学生,女性,５．県外に移りたい
"鯖高を卒業する
電気代が高いからもっと安くしてほしい
",中学生,男性,５．県外に移りたい
"都会
税金減らしてほしい
",中学生,男性,５．県外に移りたい
"もっと人が多く、にぎやかになってほしい。
",中学生,女性,５．県外に移りたい
"変わらなそう
あそべるとこを増やしてほしい
",中学生,男性,５．県外に移りたい
"美味しい食べ物や楽しい街がもっと増えるような市をつくりたい
もっと全員がなかいいまちにしていきたい
",中学生,男性,２．一度、市を出て、また帰ってきたい
"都会になってほしい
",中学生,女性,５．県外に移りたい
"老人ホームなどが増えていき子供や若者のことが二の次になり他県に遅れをとって発展していく
京都みたいに観光に力を入れているわけでもなく、政令指定都市みたいに発展し人口が多いわけでもなくどっちつかずになっている。
",中学生,男性,４．県内の他の市町に移りたい
"みんなが仲良く暮らせる街がいいです
ない
",中学生,女性,２．一度、市を出て、また帰ってきたい
"自然を大切にしつつも大きな建物が多い良い観光まちになってほしい
豊地区が田舎過ぎて和田、漆原町が不便
",中学生,女性,４．県内の他の市町に移りたい
"たくさんのショッピングモールがあって、都会みたいになってほしい
ベルとかエルパみたいな大きいショッピングモールを作ってほしいです
",中学生,女性,５．県外に移りたい
"もっと遊び場や大きい店をつくる
",中学生,女性,２．一度、市を出て、また帰ってきたい
"イオン立ててほしいです
鯖江市はいい町です
",中学生,女性,４．県内の他の市町に移りたい
"大きなイオンモールを作ってほしい。コストコを作ってほしい。IKEAを作ってほしい。
都会にしてほしい。
",中学生,女性,２．一度、市を出て、また帰ってきたい
"「みんなが安心できる」　鯖江市にしてほしいです。
早く北陸新幹線を通してほしいです
",中学生,男性,５．県外に移りたい
"イオン
イオン作れ
",中学生,男性,４．県内の他の市町に移りたい
"若者の中心の市
住民税が高くて困ってます
",中学生,男性,５．県外に移りたい
"もっと活気のある街にしたい
頑張ってにぎやかにしてください
",中学生,男性,２．一度、市を出て、また帰ってきたい
"緑が多い
もっと楽しめる場所を増やす
",中学生,女性,４．県内の他の市町に移りたい
"新幹線が開通して、観光客がたくさんやってくる市
観光スポットが多くあふれる市
特にないです。
",中学生,女性,１．いま住んでる地区にずっと住み続けたい
"最近殺害などの事件が多いので、安心して暮らせるようになりたい
特になし
",中学生,女性,５．県外に移りたい
"もっと近くにデパートを作って欲しい
毎日家族や町の人々が安全に暮らせてありがとうございます
",中学生,男性,１．いま住んでる地区にずっと住み続けたい
"イオンつくってほしい
鯖江はとても過ごしやすい
",中学生,女性,１．いま住んでる地区にずっと住み続けたい
"コストコやイオンなどの大きい店を増やしてほしい
遊べるところを増やしてほしい
",中学生,女性,２．一度、市を出て、また帰ってきたい
"いろんなお店ができる
イオンを作ってほしい。遊び場をもっとたくさん作ってほしい。
",中学生,女性,３．市内の他の地区に移りたい
"過ごしやすい市にしてほしい
もっと考えてほしい
",中学生,男性,５．県外に移りたい
"みんなが安心して暮らせる街
街を発展させる
",中学生,女性,２．一度、市を出て、また帰ってきたい
"いろんなところで球技や、陸上ができる場所
バスケットゴールを作ってほしい
",中学生,男性,２．一度、市を出て、また帰ってきたい
"遊び場所を多くしてほしい
ショッピングモールを作ってほしい
もっと快適に買い物などができるようになってほしい
",中学生,男性,５．県外に移りたい
"大きなスーパーマーケットを作る
",中学生,女性,５．県外に移りたい
"いっぱい遊べるところとか子供や大人がふれあえるところ
",中学生,男性,５．県外に移りたい
"イオンが建ってディズニーユニバみたいな大きい遊園地が建って買い物できるお店がいっぱいある市がいい
地下鉄
遊ぶとこなさすぎ
なんかつくってほしいい
お願いします
",中学生,女性,５．県外に移りたい
"大型ショッピングモールなどの遊べる場所があるまちがいいです
遊ぶ場所が少ないと思います
",中学生,男性,１．いま住んでる地区にずっと住み続けたい
"みんなが楽しく幸せに暮らせる街
",中学生,女性,１．いま住んでる地区にずっと住み続けたい
"ない
ない
",中学生,男性,２．一度、市を出て、また帰ってきたい
"政令指定都市
鯖江は楽しいね
",中学生,男性,４．県内の他の市町に移りたい
"イオンを作る。
鯖江市を立派な街にしてください。
",中学生,男性,２．一度、市を出て、また帰ってきたい
"今ある福井のものを、もっとうまく県外に広めて、大きくなってほしい
今までありがとうございました。　　　　　　　　　　　　　　　　　　　　　　　　　　　　　　　　　　　　　
これからもよろしくおねがいします。
",中学生,男性,５．県外に移りたい
"イオンモール、ラウンドワン、
テニスコートを作ってほしい
畑、田んぼが多すぎる
",中学生,男性,５．県外に移りたい
"あんまり変わらなくてもいいと思う
頑張ってほしい
",中学生,男性,２．一度、市を出て、また帰ってきたい
"鯖江市は鯖江市のよさがあるから変に変わらないでほしい
",中学生,女性,５．県外に移りたい
"田んぼとかはそのままあってほしい
コウノトリ保護しよう
",中学生,女性,２．一度、市を出て、また帰ってきたい
"ない
イオンモール作って欲しい
",中学生,男性,２．一度、市を出て、また帰ってきたい
"ない
ない
",中学生,男性,５．県外に移りたい
"ショッピングセンター（イオン、コストコ）が近くにある
たくさんのひとが楽しめる行事をしたい
",中学生,女性,２．一度、市を出て、また帰ってきたい
"イオンモールがあって賑わっている
公園作ってほしい
イオンモールほしい
もっと都会にしてほしい
",中学生,男性,５．県外に移りたい
"たくさんの人が楽しめる市になっていってほしい。
いまでもとても楽しい市です。
",中学生,女性,２．一度、市を出て、また帰ってきたい
"遊ぶところが多い
遊ぶところをおおくしてほしい
",中学生,男性,５．県外に移りたい
"誰もが住みやすく、鯖江市在住の人にも、観光客にも優しい街になってほしい。
",中学生,男性,５．県外に移りたい
"活気あふれる市
これからも、頑張ってください。
",中学生,男性,２．一度、市を出て、また帰ってきたい
"鯖江駅を改装して綺麗にし、駅前にショッピングモールを作って賑わうところになってほしい。市議会議員も全体的に若い人が多くなってほしい。
田んぼ開拓してショッピングモールなど賑わうものを増やしてほしい
",中学生,女性,４．県内の他の市町に移りたい
"犬と行ける店舗を増やしてほしい（温泉・ホテル）
カーブミラーがほしい場所がある
道路の舗装に段差やくぼみがあって自転車のタイヤが挟まることがある
",中学生,男性,１．いま住んでる地区にずっと住み続けたい
"ゴミが溢れてそう
仕事しろ
口じゃなく行動で示せ
",中学生,男性,５．県外に移りたい
"メガネをもっと大々的に宣伝して、活気のあふれる街になっていてほしい
サンドームでコンサートがあるときの鯖江駅周辺の混雑を改善してほしい
",中学生,男性,５．県外に移りたい
"特にない
特にない
",中学生,男性,３．市内の他の地区に移りたい
"明かりが増えるといいと思う
駄菓子屋さんを増やしてほしい
",中学生,女性,５．県外に移りたい
"たくさん店がほしい
ショッピングモールがほしいです
",中学生,女性,５．県外に移りたい
"鯖江市は福井県の中の市よりも発展が遅れているから他の市に追いついてほしい。イオンがあってほしい。
鯖江市にはない飲食店などがあっていいなと思います。
",中学生,女性,２．一度、市を出て、また帰ってきたい
"にぎやかなまち
田んぼしかありません
",中学生,女性,４．県内の他の市町に移りたい
"大型商業施設がある。
学校の指導面。
",中学生,女性,４．県内の他の市町に移りたい
"ないです
ないです
",中学生,女性,５．県外に移りたい
"知名度を上げたい
道路がガタガタ
",中学生,男性,５．県外に移りたい
"すみやすいしに
",中学生,女性,５．県外に移りたい
"安心して暮らせる
安心して暮らせるようにしてほしい
",中学生,男性,１．いま住んでる地区にずっと住み続けたい
"遊べるところがたくさんある
",中学生,女性,２．一度、市を出て、また帰ってきたい
"ない
かぼちゃ
",中学生,男性,１．いま住んでる地区にずっと住み続けたい
"もっと都会にしてほしい
",中学生,女性,５．県外に移りたい
"みんなが安心して暮らせるような社会にしたい。」
特にないです。
",中学生,女性,２．一度、市を出て、また帰ってきたい
"自然豊な街
でかいデパートを作ってほしい
",中学生,男性,１．いま住んでる地区にずっと住み続けたい
"自然にあふれるところ
サッカーする場所がほしい
",中学生,男性,２．一度、市を出て、また帰ってきたい
"きれいな景観を目指したい
遊べる場所を増やしてほしい
",中学生,女性,５．県外に移りたい
"緑が多い町
イオンができてほしい
",中学生,女性,１．いま住んでる地区にずっと住み続けたい
"ない
ない
",中学生,男性,２．一度、市を出て、また帰ってきたい
"西山公園を発展させてほしい
中学校を増やしてほしい。
中央中学校は人数が多く、不登校が多いから。
まあ、お金ないか、鯖江市。
",中学生,男性,５．県外に移りたい
"イオンができてほしい
特になし
",中学生,女性,１．いま住んでる地区にずっと住み続けたい
"大谷公園を西山公園のようにするといいと思います。
無料でスポーツができる場所。
イオンモール、芝政ワールド、のような場所をつくると県外からもいろんな人くる。
",中学生,男性,１．いま住んでる地区にずっと住み続けたい
"もっと暮らしやすい街鯖江にしたい満足感があり安心安全な平等な暮らしがした
マッサージ師になりたい
見たり聞いたりすると不平等なところなどがある
",中学生,女性,１．いま住んでる地区にずっと住み続けたい
"ゴミの分別きつくするな
イオンモール欲しい
コストコも
",中学生,男性,５．県外に移りたい
"ショッピングモールがほしい
電気代が高い
",中学生,男性,１．いま住んでる地区にずっと住み続けたい
"もっと若者や子供達が楽しんで暮らせるように、商業施設などを建設していってほしい
市議会議員など、若い人を採用して意見を聞き、魅力溢れる市にしていくべきだと思う
",中学生,女性,２．一度、市を出て、また帰ってきたい
"テーマパークがある
イオンモールがある
県外への交通が楽になる
",中学生,女性,５．県外に移りたい
"もっと車だけでなく他の方法の移動手段があると県外や海外から電車でも来やすくなると思う。
もっと手軽に寄れる休憩場所がほしい。
",中学生,男性,２．一度、市を出て、また帰ってきたい
"好きに運動ができる場所がほしい。市内にないお店や施設があると嬉しい。
交通が充実してほしい
",中学生,男性,１．いま住んでる地区にずっと住み続けたい
"行事が盛り上がりそう。
楽しいです。
",中学生,女性,２．一度、市を出て、また帰ってきたい
"ずっと変わらずいまのままでいてほしい
ショッピングモールを増やしてほしい
",中学生,女性,１．いま住んでる地区にずっと住み続けたい
"サッカーのスタジアム
サッカーできる場所がほしい
",中学生,男性,５．県外に移りたい
"福井だけしかないミュージアムとかがほしい
特にない
",中学生,男性,５．県外に移りたい
"遊園地があったらいいなと思う
",中学生,男性,１．いま住んでる地区にずっと住み続けたい
"人のことを思いやれる街になってほしい
いろんなことに積極的になってほしい
とても住みやすい街
",中学生,男性,５．県外に移りたい
"特にない
特にない
",中学生,男性,５．県外に移りたい
"遊べる施設など増やす
",中学生,女性,２．一度、市を出て、また帰ってきたい
"スポーツのできる施設を増やす
",中学生,男性,５．県外に移りたい
"にぎやかなところになっている
ない
",中学生,男性,２．一度、市を出て、また帰ってきたい
"特にない
特にない
",中学生,女性,１．いま住んでる地区にずっと住み続けたい
"みんなが仲良く暮らせる街
ショッピングモール（イオン、コストコなど）を増やしてほしい
",中学生,女性,２．一度、市を出て、また帰ってきたい
"料理人になるためにいっぱい料理を作る
なし
",中学生,男性,５．県外に移りたい
"おもしろい施設がたくさん
とくに無い
",中学生,女性,１．いま住んでる地区にずっと住み続けたい
"発展する街
イオンを鯖江に作ってください
観光客が来やすそうな施設を作ってください
鯖江駅がサンドームのライブのときにとても混雑するので、切符、ICカードどちらとも通せる自動改札を設置してください
",中学生,男性,５．県外に移りたい
"もっといろんなひとが働ける街になるといいと思う
",中学生,男性,１．いま住んでる地区にずっと住み続けたい
"みせがおおいといい
みせが多いほうがいい
",中学生,女性,２．一度、市を出て、また帰ってきたい
"もっと、自然がきれいな市
特にないです。
",中学生,女性,１．いま住んでる地区にずっと住み続けたい
"大型ショッピングモールがあって、賑やかな街
もっと都会にしてほしい。
",中学生,女性,５．県外に移りたい
"鯖江市の魅力のあふれる街
道のガタガタを直してほしい
",中学生,男性,５．県外に移りたい
"ない
ない
",中学生,男性,１．いま住んでる地区にずっと住み続けたい
"ラウンドワンを建ててほしい
自然で住みやすい場所にしてほしい
きれいなところ
",中学生,女性,１．いま住んでる地区にずっと住み続けたい
"特になし
特になし
",中学生,男性,５．県外に移りたい
"市長さんと関われるイベントとかがあったら面白い。
",中学生,回答しない,１．いま住んでる地区にずっと住み続けたい
"北陸新幹線を鯖江にも
イオン作るの反対するな
",中学生,男性,５．県外に移りたい
"安心安全に暮らせる街
たくさんの人たちと触れ合えるばを増やしてほしい
",中学生,男性,１．いま住んでる地区にずっと住み続けたい
"イオンを建てる
都会っぽくなる
イオンを建てていただきたいです！
",中学生,女性,５．県外に移りたい
"都会のようににぎわいがあるが、変わらずに緑がある景観が美しく、暖かい町。
若い人が活躍しやすいようにしてほしいです。
",中学生,女性,１．いま住んでる地区にずっと住み続けたい
"遊ぶ場所がたくさんある
",中学生,男性,２．一度、市を出て、また帰ってきたい
"しぜんがたくさんの市
特になし
",中学生,女性,１．いま住んでる地区にずっと住み続けたい
"観光が楽しくできる街
ないです
",中学生,女性,５．県外に移りたい
"旅行施設があるといいと思います。
大丈夫です
",中学生,女性,１．いま住んでる地区にずっと住み続けたい
"大きい建物を増やしてほしい
ない
",中学生,女性,５．県外に移りたい
"水泳ができる場所を建ててほしい
",中学生,女性,２．一度、市を出て、また帰ってきたい
"なし
もっと色んなお店をつくってほしい
",中学生,女性,５．県外に移りたい
"安全で楽しいまち
いろんなことが起きないように防犯対策をしてほしい
",中学生,女性,２．一度、市を出て、また帰ってきたい
"もう少し子供の楽しめる場所を増やしてほしい
",中学生,男性,２．一度、市を出て、また帰ってきたい
"特にない
特にない
",中学生,男性,５．県外に移りたい
"自然の多いところ
ない
",中学生,女性,１．いま住んでる地区にずっと住み続けたい
"ない
鯖江をきれいな豊かな街に保ってください
",中学生,男性,２．一度、市を出て、また帰ってきたい
"ない
ない
",中学生,女性,２．一度、市を出て、また帰ってきたい
"公園にサッカーごーるがほしい
なし
",中学生,男性,５．県外に移りたい
"大きいショッピングモールなどの商業施設があること
楽しめる場所をつくってほしい
",中学生,女性,２．一度、市を出て、また帰ってきたい
"なし
なし
",中学生,女性,５．県外に移りたい
"鯖江にテニスコートつくってほしい
ショッピングモールもっとつくってほしい
にぎやかにしてほしい
テニスコートつくってほしい
もっと発展してほしい
",中学生,男性,２．一度、市を出て、また帰ってきたい
"子供が安全に外で遊んだりできる
交通事故が少ない
特になし
",中学生,男性,１．いま住んでる地区にずっと住み続けたい
"特になし
特になし
",中学生,男性,５．県外に移りたい
"自然が多くなって現代の技術に囚われすぎない。
なし。
",中学生,女性,５．県外に移りたい
"鯖江目当てで足を運ぶ人が増えてほしい
遊べるところを増やしてほしい
",中学生,男性,２．一度、市を出て、また帰ってきたい
"ショッピングモールをふやす
",中学生,女性,２．一度、市を出て、また帰ってきたい
"人々が自由にのびのびできるまちにしたい。
得にない
",中学生,女性,２．一度、市を出て、また帰ってきたい
"ない
ない
",中学生,女性,５．県外に移りたい
"イオンを作ってほしい
",中学生,女性,４．県内の他の市町に移りたい
"誰でも過ごしやすい鯖江にしてほしい
特になし
",中学生,男性,２．一度、市を出て、また帰ってきたい
"コストコやイオンが鯖江市、福井県にないので作ってみたらいいと思う。
特になし
",中学生,男性,２．一度、市を出て、また帰ってきたい
"イオンや、コストコなどの大きな商業施設を立ててほしい。
土地があるのに、大きな商業施設がないこと。
",中学生,男性,１．いま住んでる地区にずっと住み続けたい
"お店がもっと増えてほしい。
田舎すぎる。
",中学生,女性,５．県外に移りたい
"住みやすい街
",中学生,女性,５．県外に移りたい
"SDGsを達成できるように努力する
これからも誰もが安全に暮らしていけるように、良い職場環境や優しい心を育てていってほしい
",中学生,女性,１．いま住んでる地区にずっと住み続けたい
"ラウンドワンができて欲しい。
ラウンドワンができて欲しい
",中学生,男性,２．一度、市を出て、また帰ってきたい
"にぎやかで仲がいい
大型のショッピングモールが少なく、何をするにしても規制が多く何かをできるところやしたいことに制限がかかって息抜きがしにくい。
",中学生,女性,２．一度、市を出て、また帰ってきたい
"発展
発展していてください
",中学生,男性,４．県内の他の市町に移りたい
"田舎っぽさはあるけど、色んな建物があるまち
便利なまち
とりあえずイオンを建てて下さい。
まず福井県にイオンがないので、鯖江市に建てると人口が増えたり、色んな人が訪れると思います。
",中学生,女性,４．県内の他の市町に移りたい
"平和な市。
自然が豊かな市にしたい。
",中学生,女性,５．県外に移りたい
"イオン　ラウンドワン　IKEAがほしい
イオン　ラウンドワン　IKEAがほしい
",中学生,男性,５．県外に移りたい
"もっと有名になってほしい
",中学生,男性,５．県外に移りたい
"好きなことをする
",中学生,男性,２．一度、市を出て、また帰ってきたい
"ビルやにぎやかな商店街などをたてて盛んな街にしたい
サッカーコートを建設
特になし
",中学生,男性,２．一度、市を出て、また帰ってきたい
"都会にする
建物を増やす
とかいにする
",中学生,男性,２．一度、市を出て、また帰ってきたい
"・防犯対策もしっかりしていて、誰もが安心して暮らせる街にしたい。
・ショッピングモールを増やしてほしい。
",中学生,女性,２．一度、市を出て、また帰ってきたい
"子供が遊べるところをもっと増やしてほしい
特になし
",中学生,男性,５．県外に移りたい
"福井県のトップになってほしい
交通手段を増やしてほしい
",中学生,男性,５．県外に移りたい
"商業施設より緑を多くしていてほしい。
今の鯖江市に満足しています。
",中学生,男性,１．いま住んでる地区にずっと住み続けたい
"鯖江市でも色々な仕事が選べるような夢をもてる市になるといい。
学校も、もっとあったほうがいいと思う。
",中学生,男性,５．県外に移りたい
"ないです
もっと遊ぶとこを増やしてほしいです
",中学生,男性,３．市内の他の地区に移りたい
"同じ地域の人たち子供から高齢者までの人がお互いに協力しあい助け合えるようにないたい
お墓もすぐ近くにあってほしい
病院も
今住んでいるところも好きだけど田んぼがちょっと多すぎる気がします
",中学生,女性,１．いま住んでる地区にずっと住み続けたい
"ゴミがない市
遊び場を増やしてほしい
",中学生,女性,１．いま住んでる地区にずっと住み続けたい
"コンビニが多く、遊ぶところが多い
",中学生,女性,２．一度、市を出て、また帰ってきたい
"特にない
特にない
",中学生,男性,５．県外に移りたい
"もっと鯖江市の魅力がわかるように自然にいいところをいう。
鯖江市に大きいショッピングモールを作ってほしい。
",中学生,男性,５．県外に移りたい
"とにかくみんなが安心して暮らせる街であってほしです。
なし
",中学生,男性,２．一度、市を出て、また帰ってきたい
"お店がいっぱいで賑わっている街
学校のプールを使えるようにしてほしい。
",中学生,女性,５．県外に移りたい
"したいことがすぐできる
スケー卜パークが増えてほしい
",中学生,男性,２．一度、市を出て、また帰ってきたい
"大型ビルやマンションを建ててほしいと思う
いい観光地を作ってほしい
",中学生,男性,５．県外に移りたい
"交通網がもう少し発達して、みんなが楽しめる場所が増えたらいい
子供の医療費が安く、不調があったらすぐに病院に行こうと思えることがいいと思った
",中学生,女性,２．一度、市を出て、また帰ってきたい
"遊具が、ほしい。
壊れたところお直ぐに直して欲しい。
公民館を、大きくして欲しい。
",中学生,男性,２．一度、市を出て、また帰ってきたい
"大型ショッピングモールを立てて、若い人も遊べる場所をもっと多くする
もっと遊べる場所を増やしてほしいです
",中学生,女性,２．一度、市を出て、また帰ってきたい
"移動手段が少なくても良くしてほしい　学校をもっときれいにしてほしい　遊ぶ場所を増やしてほしい
特になし
",中学生,女性,５．県外に移りたい
"もっといろんなショッピングセンターがほしい
もっと発展させろ
",中学生,男性,２．一度、市を出て、また帰ってきたい
"イオンモールができて欲しい
田んぼが多い
",中学生,男性,３．市内の他の地区に移りたい
"遊べる場所を増やしてほしい
",中学生,男性,５．県外に移りたい
"みんな仲がいい街
移動手段を増やしてほしい
",中学生,男性,２．一度、市を出て、また帰ってきたい
"大きいイオンができて欲しい
イオン
",中学生,女性,５．県外に移りたい
"イオンモール
ショッピングモールがすくない」
",中学生,女性,２．一度、市を出て、また帰ってきたい
"ショッピングセンターなどがほどよくあるけど、自然も大切にする町
積極的に県外との交流を増やしたほうがいいと思う
",中学生,女性,２．一度、市を出て、また帰ってきたい
"建物が多くする
大きいショッピングモールを作ってほしい
",中学生,女性,２．一度、市を出て、また帰ってきたい
"少し大きい公園
ない
",中学生,男性,１．いま住んでる地区にずっと住み続けたい
"お店を増やしてほしい
",中学生,女性,５．県外に移りたい
"ショッピングセンターを増やす
友達と気軽に遊べる場所がほしい
とくになし
",中学生,女性,５．県外に移りたい
"そこら中に自然があって都会とは比べ物にならないくらい神なまち
もう少し、都会に近い街を作っても良いのじゃないのか
",中学生,男性,２．一度、市を出て、また帰ってきたい
"イオンモールを建ててほしい
イオンモールを建ててほしい
",中学生,男性,２．一度、市を出て、また帰ってきたい
"鯖江のことをもっと知ってもらいたい。
",中学生,女性,２．一度、市を出て、また帰ってきたい
"大きいショッピングモールがほしい
買い物ができる場所を増やしてほしい
",中学生,女性,５．県外に移りたい
"特にないです。
特にないです。
",中学生,女性,２．一度、市を出て、また帰ってきたい
"なし
遊んでいい場所がすくない
",中学生,男性,５．県外に移りたい
"建物が多くなっている
イオンモールがほしい
",中学生,男性,２．一度、市を出て、また帰ってきたい
"もっといろんな店があったらいい
遅れてる
",中学生,女性,５．県外に移りたい
"いつまでも自然豊かであってほしい
なし
",中学生,女性,１．いま住んでる地区にずっと住み続けたい
"ない
ない
",中学生,女性,５．県外に移りたい
"何もない
何もない
",中学生,男性,２．一度、市を出て、また帰ってきたい
"誰もが安心していける暮らしができる街
県外からも注目される街
",中学生,女性,５．県外に移りたい
"サッカー選手
なし
",中学生,男性,４．県内の他の市町に移りたい
"遊べる場所が増えてほしい。
友達と遊べる場所がほしい。
",中学生,女性,５．県外に移りたい
"新しいお店がたってほしい
特になし
",中学生,女性,１．いま住んでる地区にずっと住み続けたい
"遊び場が増えていてほしい
ない
",中学生,女性,１．いま住んでる地区にずっと住み続けたい
"もっと盛んな街になってほしい。
特にない
",中学生,女性,５．県外に移りたい
"自然を残したままにぎやかな街
信号や横断歩行を増やしてほしい
",中学生,男性,２．一度、市を出て、また帰ってきたい
"人口が減ってくると思うので、今のうちに増やしといてほしい
いつもありがとうございます
",中学生,女性,５．県外に移りたい
"伝統文化が集まった博物館を立ててほしい
今も住みやすいけど、もっと経済など発達してほしいです
",中学生,男性,２．一度、市を出て、また帰ってきたい
"もっと人が増えて、更ににぎやかになってほしい。
自然を残し、自然の温かみを感じられるところになってほしい。
大きい商業施設をもっと作ってほしい。
",中学生,男性,１．いま住んでる地区にずっと住み続けたい
"安心して暮らせるような市にしてほしい
資金などの使い道をしっかり考えてほしい
",中学生,男性,２．一度、市を出て、また帰ってきたい
"ないです
ないです
",中学生,男性,５．県外に移りたい
"もっと栄えてほしい
もっと住みやすく、安全な市になってほしい
もっと県を良くしてほしい！！！！！
",中学生,女性,４．県内の他の市町に移りたい
"イオンをおく
何もない
",中学生,男性,３．市内の他の地区に移りたい
"イオンを建てる
これからも頑張ってください
",中学生,男性,１．いま住んでる地区にずっと住み続けたい
"イオンモールをつくってほしい
流行りのものを販売したり、作ってほしい
魅力度を高めてほしい
田んぼが多すぎる
イオンモールがなくて不便
",中学生,女性,５．県外に移りたい
"もっとあそべる場所を増やしてほしい
税金減らせ～！
",中学生,男性,２．一度、市を出て、また帰ってきたい
"なし
なし
",中学生,男性,１．いま住んでる地区にずっと住み続けたい
"スポーツをする場所がある
ない
",中学生,男性,５．県外に移りたい
"値下げ
東京みたいな感じ
税金を下げろ
",中学生,回答しない,５．県外に移りたい
"人が安心して生活が送れるようにしてほしい
もっと福井にも遊べる場所がほしい
",中学生,女性,５．県外に移りたい
"暮らしやすい市
ない
",中学生,男性,４．県内の他の市町に移りたい
"県外にあるような店をもっと増やしてほしい
交通機関を便利にしてほしい
",中学生,男性,２．一度、市を出て、また帰ってきたい
"イオンをつくってほしい
自然を大切にしてほしい
遊べる場所をつくってください
",中学生,女性,３．市内の他の地区に移りたい
"遊べる場所を作ってほしい
遊べる場所がない
",中学生,男性,５．県外に移りたい
"勉強をたくさんして自由に生きたい
",中学生,女性,５．県外に移りたい
"遊べるところがたくさんほしい
特にない
",中学生,男性,２．一度、市を出て、また帰ってきたい
"活気のある街
イオンほしい
",中学生,男性,５．県外に移りたい
"このまま
ない
",中学生,男性,２．一度、市を出て、また帰ってきたい
"体育館を増やしてほしい
ガタガタの道路が多いから整備してほしい
",中学生,男性,１．いま住んでる地区にずっと住み続けたい
"安心して自由に楽しく暮らせる街
もう少し体育館を増やして欲しい
",中学生,男性,２．一度、市を出て、また帰ってきたい
"お店が増えてほしい
店を増やして欲しい
",中学生,男性,２．一度、市を出て、また帰ってきたい
"かんこうにあふれる町
遊ぶ場所を増やしてほしい（ラウンドワン）など
",中学生,男性,５．県外に移りたい
"東京みたいに都会な街
田舎すぎる
",中学生,女性,５．県外に移りたい
"もっと子育て世代を支援してほしい
がんばってください
",中学生,男性,３．市内の他の地区に移りたい
"安心して過ごせる
商業施設や遊べる場所を増やしてほしい
",中学生,女性,１．いま住んでる地区にずっと住み続けたい
"商業施設を増やしてほしい
大型商業施設がほしいです。
",中学生,女性,５．県外に移りたい
"鯖江市は将来、もっと店や、遊ぶ場所が増えていると嬉しいです。
店を増やしてください。
",中学生,女性,２．一度、市を出て、また帰ってきたい
"子どもたちが遊べるところが多くなること
特にありません
",中学生,男性,２．一度、市を出て、また帰ってきたい
"みんなが住みやすい町
遊べるところをもっと増やしてください
",中学生,女性,５．県外に移りたい
"自分が結婚したり、他県の学校に行ったときにまた戻ってきたいと思う鯖江市にしてほしい
発達しているところは都会に負けないくらい発達させて、自然が残っているところはこの先も残していったほうがいい
",中学生,女性,３．市内の他の地区に移りたい
"福井県内でもいいから都会にあるものを沢山とりいれてほしい
イオンを建ててほしい
",中学生,女性,５．県外に移りたい
"住んでいる人々が協力しあい思いやりあふれる街
特にありません
",中学生,男性,１．いま住んでる地区にずっと住み続けたい
"特になし
特になし
",中学生,女性,１．いま住んでる地区にずっと住み続けたい
"ショッピングができるところがほしい
もっと住みやすい街鯖江にしたい
",中学生,男性,３．市内の他の地区に移りたい
"いい
いい
",中学生,男性,２．一度、市を出て、また帰ってきたい
"楽しい町にしてほしい
流行りに乗ったほうがいい
",中学生,女性,２．一度、市を出て、また帰ってきたい
"遊べる場所を増やしてほしい
",中学生,女性,２．一度、市を出て、また帰ってきたい
"スポーツができる場所がほしい
なし
",中学生,男性,２．一度、市を出て、また帰ってきたい
"店が増える
特になし
",中学生,女性,５．県外に移りたい
"木を増やして美味しい空気を吸いたい
ない
",中学生,女性,３．市内の他の地区に移りたい
"産業が盛んで賑やかな街
子育てがしやすい
子どもたちがのびのびと成長できる
",中学生,女性,２．一度、市を出て、また帰ってきたい
"・公園を増やす
・大きいショピングモールを置く（例えば　イオン）
この市に生まれてよかった
",中学生,男性,２．一度、市を出て、また帰ってきたい
"広い世代で住みやすい
",中学生,女性,２．一度、市を出て、また帰ってきたい
"もっと暮らしやすい街になってほしい
イオンモールやコストコを作ってほしい
",中学生,男性,５．県外に移りたい
"なし
なし
",中学生,男性,５．県外に移りたい
"みんなが住みやすい街
大型ショッピングモールを建ててほしい
",中学生,女性,２．一度、市を出て、また帰ってきたい
"子供が遊べるところを増やしてほしい
",中学生,男性,１．いま住んでる地区にずっと住み続けたい
"友達と遊べるところがもっと増えるといいと思います
友達と遊べるところがもっと増えるといいと思います
",中学生,男性,２．一度、市を出て、また帰ってきたい
"福井県でいちばん魅力がある町
冬季のスクールバスのお金が高い
",中学生,男性,５．県外に移りたい
"Q９の回答より
暮らしやすいまちにしてほしい
",中学生,男性,５．県外に移りたい
"大型商業施設がたくさんある。
もっと暮らしやすくしてほしい。
",中学生,女性,５．県外に移りたい
"イオンとコストコとイケアとラウンドワンがほしい
イオンとコストコとイケアとラウンドワンがほしい
",中学生,男性,５．県外に移りたい
"都会になってほしい
もっと発展させましょう！！！！！！！！！！！！！！！！！！！！！！！！！！！！！！！！！！！！！！！！！！！！！
",中学生,男性,５．県外に移りたい
"運動が活発な市になればいいと思う
なし
",中学生,男性,５．県外に移りたい
"人気のあるお店が多く友達と一緒に行ける公共施設があるまち
",中学生,女性,１．いま住んでる地区にずっと住み続けたい
"宇宙人が住んでいて自然豊かできれいそして機械が発達している
自然を大切にしよう
",中学生,男性,５．県外に移りたい
"都市
もっと観光客がいっぱいくる市にしてほしい
",中学生,男性,１．いま住んでる地区にずっと住み続けたい
"特にない
特にない
",中学生,男性,５．県外に移りたい
"海があり遊べるところ
お店や娯楽施設が豊富で夜もにぎやかな街にしてほしい
",中学生,男性,４．県内の他の市町に移りたい
"いろんなところでスポーツができる街
もっとスポーツができるところを増やしてほしい
今あるスポーツができるところの環境や整備してほしい
",中学生,男性,２．一度、市を出て、また帰ってきたい
"誰もが安心して過ごせる街
ない
",中学生,女性,５．県外に移りたい
"電車などをもっとおおく出してほしい
",中学生,男性,５．県外に移りたい
"ショッピングモールを増やしてほしい
特にない
",中学生,男性,４．県内の他の市町に移りたい
"たくさんお店が増えてほしい
ない
",中学生,女性,５．県外に移りたい
"犬や動物が住みやすい街
ない
",中学生,男性,２．一度、市を出て、また帰ってきたい
"とくにない
",中学生,女性,１．いま住んでる地区にずっと住み続けたい
"とくにない
とくにない
",中学生,女性,１．いま住んでる地区にずっと住み続けたい
"宇宙人がいてきれいで発展してて世界の中心になっててお金がいっぱい稼げる場所
イオン作ってください
",中学生,男性,５．県外に移りたい
"ショッピングモールを増やす
",中学生,女性,１．いま住んでる地区にずっと住み続けたい
"もっとでかいショッピングモールができてほしい
ラウンドワン作って
",中学生,男性,２．一度、市を出て、また帰ってきたい
"テニスコートつくってほしい
",中学生,男性,５．県外に移りたい
"メガネをもっと作ればいいと思う
頑張ってほしい
",中学生,男性,５．県外に移りたい
"テスト６
テスト７
",中学生,男性,県外に移りたい
"ない
ない
",高校生,男性,２．一度、市を出て、また帰ってきたい
"土地の特徴を活かして県外にアピールしていってほしい。
特にないです。
",高校生,女性,１．いま住んでる地区にずっと住み続けたい
"若い人が活躍する。
",高校生,男性,５．県外に移りたい
"みんなが安心して暮らせる町
ショッピングモールを作ってほしい
",高校生,女性,５．県外に移りたい
"今のままでもよい
",高校生,女性,２．一度、市を出て、また帰ってきたい
"ない
ない
",高校生,男性,１．いま住んでる地区にずっと住み続けたい
"気軽に運動できる場所を増やしてほしい
なし
",高校生,男性,１．いま住んでる地区にずっと住み続けたい
"子供から大人まで楽しめる公共の場がほしい
ショッピングモールがほしい
",高校生,女性,２．一度、市を出て、また帰ってきたい
"たくさんの観光客が来る街
とくになし
",高校生,男性,５．県外に移りたい
"今よりももう少しだけ栄えてほしい。鯖江の自然が多い町並みが気に入っているので都会のような人口の多すぎるところにはなってほしくないけど、ショッピングセンターとか、娯楽施設は今よりも増えてほしいので、すこしだけ娯楽施設を増やしてほしい。
",高校生,女性,２．一度、市を出て、また帰ってきたい
"就職がしやすく働きやすい町。
特にない。
",高校生,女性,２．一度、市を出て、また帰ってきたい
"子供から高齢者までが遊べる施設を作って欲しい。
交通の便を良くしてほしい
",高校生,男性,１．いま住んでる地区にずっと住み続けたい
"みんな優しい
ない
",高校生,男性,５．県外に移りたい
"市民は医療費0円

有名人に鯖江のメガネをPRしてもらう
",高校生,女性,１．いま住んでる地区にずっと住み続けたい
"鯖江市は今でも十分素敵な街だと思います
つつじバスのバス停をわかりやすくして、無視しないでほしい
",高校生,女性,５．県外に移りたい
"所構わず木を植えよう
変に開拓しないでください
",高校生,男性,２．一度、市を出て、また帰ってきたい
"鯖江市が朝と同じくらいに夜もにぎやかな街にしたいです
そのために、お店や娯楽施設を充実させるといいとおもいます。
もう少し道路の整備や、学校等建物の修繕をしてほしいです
",高校生,男性,５．県外に移りたい
"多くの観光客が訪れるような豊かできれいな場所。
若者から高齢者まで多くの人が楽しめるまちづくりをしてほしい。
",高校生,男性,２．一度、市を出て、また帰ってきたい
"もっといろんなお店を立てて人がたくさん来る街
",高校生,女性,５．県外に移りたい
"みんなが暮らしやすい街になって欲しい。
遊べる場所を増やしてほしい。
",高校生,女性,５．県外に移りたい
"スポーツをするのに困らない
鯖江の西番スポーツセンターの屋内のテニスコートが撤去されたので自由にテニスができなくなった。
",高校生,男性,５．県外に移りたい
"安全な街がいいです
交通手段があまりなくて少し困ります
",高校生,男性,２．一度、市を出て、また帰ってきたい
"県外の人や外国人が住み続けたいと思う街
良い市です
",高校生,男性,５．県外に移りたい
"スポーツが活発な
外国人とスポーツして遊びたい
",高校生,男性,２．一度、市を出て、また帰ってきたい
"ランドワンを設立
",高校生,回答しない,２．一度、市を出て、また帰ってきたい
"住んでる人が安心して過ごせる街
",高校生,女性,２．一度、市を出て、また帰ってきたい
"もっと活性化してほしい
友達と遊べる場所を増やしてほしい
",高校生,女性,２．一度、市を出て、また帰ってきたい
"誰でも利用できる勉強スペースを作る
",高校生,男性,５．県外に移りたい
"ラウンドワンほしい
学校にゴキブリが出る
",高校生,回答しない,５．県外に移りたい
"自然豊かできれいな町
遊べる場所をつくってほしい
色々な店を建ててほしい
",高校生,男性,２．一度、市を出て、また帰ってきたい
"電車の本数を増やしてほしい
特になし
",高校生,女性,１．いま住んでる地区にずっと住み続けたい
"公共交通機関が発達し、自動車や自転車がなくても市内を移動でき、若者から高齢者までみんなが楽しめるまち。
",高校生,女性,１．いま住んでる地区にずっと住み続けたい
"若者からお年寄りまで安心してすみ続けられる街になるといいなと思います
",高校生,女性,５．県外に移りたい
"もっと発展した街にしてほしい
もっと電車の運行時間を多くして交通移動がしやすいようにしてほしい
",高校生,女性,５．県外に移りたい
"特になし
特になし
",高校生,男性,１．いま住んでる地区にずっと住み続けたい
"イオンモール
youtubeの広告で選挙活動をするのはいいが、もう少し関心を持てる内容にしてほしい
",高校生,男性,１．いま住んでる地区にずっと住み続けたい
"安心して暮らせる街にしたい
次世代に借金の支払いを任せるのは辞めてほしい
",高校生,女性,５．県外に移りたい
"みんなが笑顔でいる街
東公園陸上競技場の器具が壊れているので新しくしてほしいです。
",高校生,男性,５．県外に移りたい
"もっと遊べるところがある街
鯖江クリーンセンターの問題を早くどうにかして
",高校生,男性,５．県外に移りたい
"LDHが街を良くする
電車をもっと走らせてほしい
",高校生,男性,５．県外に移りたい
"住民税を安くして住みやすい形にする
地元愛の強い国にする
税金安くして安月給の若者の住みやすい街にしろ。さらにへるぞ
",高校生,男性,１．いま住んでる地区にずっと住み続けたい
"住みたい街ランキング一位に選ばれたらいいと思う
",高校生,女性,５．県外に移りたい
"色々な個性を持っていて、それぞれを尊重し会えるような人たちであふれる市
",高校生,女性,５．県外に移りたい
"みんな安全に住むことができる街
なし
",高校生,男性,１．いま住んでる地区にずっと住み続けたい
"お店がいっぱいできてほしい
遊べる場所がない
",高校生,女性,５．県外に移りたい
"便利になって欲しい
無駄な施設ばっかり作らないでほしい
",高校生,男性,５．県外に移りたい
"住みやすい街になって欲しい
",高校生,男性,５．県外に移りたい
"もっとにぎやかな街にする
もっとお金を使って発展させる
",高校生,男性,１．いま住んでる地区にずっと住み続けたい
"もっと有名になって沢山の人が集まるように、たくさんの宣伝などを行っていくといいと思います。
特にありません
",高校生,女性,１．いま住んでる地区にずっと住み続けたい
"子供がたくさんいる街
特にない
",高校生,女性,１．いま住んでる地区にずっと住み続けたい
"平和な町を維持できてほしいです
",高校生,男性,１．いま住んでる地区にずっと住み続けたい
"不便が少ない町
特になし
",高校生,女性,２．一度、市を出て、また帰ってきたい
"家族で楽しめる大きな施設とホテルがある街
全国から有名な人を呼んでコンサートなどを開いて欲しい
",高校生,男性,２．一度、市を出て、また帰ってきたい
"きれい
",高校生,男性,５．県外に移りたい
"福井市から県庁所在地奪取
がんばれ
",高校生,男性,５．県外に移りたい
"他県のひとで賑わってほしい
ショッピング施設を増やしてほしい
",高校生,男性,５．県外に移りたい
"遊園地
ない
",高校生,男性,５．県外に移りたい
"都会に少しでも近づいたらいいなと思う。
イオンモールを作って欲しい。
",高校生,女性,５．県外に移りたい
"ない
ない
",高校生,男性,２．一度、市を出て、また帰ってきたい
"みんなメガネ
",高校生,男性,５．県外に移りたい
"施設の充実した田舎
特になし
",高校生,男性,２．一度、市を出て、また帰ってきたい
"ない
特にない
",高校生,女性,５．県外に移りたい
"特になし
特になし
",高校生,男性,５．県外に移りたい
"特になし
特になし
",高校生,男性,１．いま住んでる地区にずっと住み続けたい
"にぎやかになる
特になし
",高校生,女性,１．いま住んでる地区にずっと住み続けたい
"人々が買い物などを好きなようにできるショッピングモールなどを作りより多くの人が鯖江市に住んでもらえるようにする
自然が豊かなところはそのままの景観を保ってほしい
",高校生,女性,２．一度、市を出て、また帰ってきたい
"ない
給付金くれ
",高校生,男性,４．県内の他の市町に移りたい
"街がもっとにぎやかになって欲しい。
特になし。
",高校生,女性,５．県外に移りたい
"特にない
特にない
",高校生,男性,５．県外に移りたい
"イオンを作る
",高校生,女性,５．県外に移りたい
"運動する人が多くいるところにしたい
特にない
",高校生,男性,２．一度、市を出て、また帰ってきたい
"男女平等

",高校生,男性,１．いま住んでる地区にずっと住み続けたい
"住みやすい街
遊べる場所がほしい
",高校生,女性,５．県外に移りたい
"イオンモール
市の議員がおじさんだらけ
",高校生,男性,５．県外に移りたい
"なし
なし
",高校生,男性,５．県外に移りたい
"特にない
交通機関を増やしてほしい。
遊べるところがほしい。
",高校生,女性,５．県外に移りたい
"遊ぶ施設が増える
",高校生,男性,５．県外に移りたい
"鯖江市にしかない店やメガネのように食べ物でももっと有名なところになって欲しい
",高校生,男性,５．県外に移りたい
"安心安全
",高校生,女性,４．県内の他の市町に移りたい
"メガネの街としてもっと有名になる。
特になし。
",高校生,女性,５．県外に移りたい
"人が多くてにぎやか
お店が多いと良き
",高校生,女性,２．一度、市を出て、また帰ってきたい
"ゴミが無くなると良いです。
選挙活動頑張って下さい。
",高校生,女性,１．いま住んでる地区にずっと住み続けたい
"いろんな人が住める、いい街であったらいいと思う
がんばれ
",高校生,男性,１．いま住んでる地区にずっと住み続けたい
"ショッピングモールがほしい
住みづらい
",高校生,男性,５．県外に移りたい
"ぜんせだいがしみやす街
サービスを増やしてほしい
",高校生,回答しない,１．いま住んでる地区にずっと住み続けたい
"街をでっかくしたい
",高校生,男性,２．一度、市を出て、また帰ってきたい
"電車の本数を増やしてほしい
",高校生,女性,１．いま住んでる地区にずっと住み続けたい
"にぎやかになること
何にしても車で移動しなければ行けないというのは不便すぎる
このままだと過疎化する
",高校生,男性,５．県外に移りたい
"メガネの街を誇る
ないです
",高校生,女性,１．いま住んでる地区にずっと住み続けたい
"イオンモールを作って欲しい
なし
",高校生,女性,２．一度、市を出て、また帰ってきたい
"大きなショッピングモールがある
公園などがあり子どもたちが遊びやすい
",高校生,男性,５．県外に移りたい
"大型商業施設を作る
特にない
",高校生,女性,５．県外に移りたい
"仲の良い　事故０
",高校生,男性,５．県外に移りたい
"都会にする
田舎
",高校生,男性,５．県外に移りたい
"遊べる場所を作って欲しいです。
",高校生,女性,１．いま住んでる地区にずっと住み続けたい
"人間学が外に出られる機会を増やせるように沢山のイベントを作る
",高校生,女性,２．一度、市を出て、また帰ってきたい
"自然豊かでみんなが安心して暮らせる場所になっていてほしい。
遊びに行く場所が少ないのでもっと増やしてほしい。例えばイオンやラウンドワンなど。
",高校生,女性,１．いま住んでる地区にずっと住み続けたい
"お店を増やす
お店が少ない
",高校生,男性,１．いま住んでる地区にずっと住み続けたい
"イオンモールたてる
イオンモールたてる
",高校生,回答しない,１．いま住んでる地区にずっと住み続けたい
"ジェンダー平等ができるまち
特にないです
",高校生,男性,２．一度、市を出て、また帰ってきたい
"楽しい場所になれるといい
無駄なことにお金をかけていないで、イオンモールなどを作って欲しい
",高校生,男性,５．県外に移りたい
"もう少し若者が来たくなるような店を建てて、もっと若者の人口を増やしたい。
ないです。
",高校生,女性,２．一度、市を出て、また帰ってきたい
"鯖江は末期
俺らが言っても変わらん。無駄。
",高校生,回答しない,５．県外に移りたい
"特になし
特になし
",高校生,男性,５．県外に移りたい
"ないです
ないです
",高校生,男性,５．県外に移りたい
"ない
ない
",高校生,男性,５．県外に移りたい
"なし
発展させてください
",高校生,男性,５．県外に移りたい
"もっと人口が増えてほしいと思った
特になし
",高校生,男性,２．一度、市を出て、また帰ってきたい
"メガネの街鯖江というものがもっと世界に広まってくれるのを願う。
特にないです
",高校生,女性,１．いま住んでる地区にずっと住み続けたい
"メガネをもっと世界進出させてほしい
特になし
",高校生,男性,１．いま住んでる地区にずっと住み続けたい
"鯖江を好きになってくれる子供が増えてほしい
バスの本数を増やしてほしい
",高校生,女性,５．県外に移りたい
"遊園地を作って欲しい
にぎやかにしてほしい
",高校生,男性,１．いま住んでる地区にずっと住み続けたい
"みんなが安心して暮らせる街になって欲しい
",高校生,男性,５．県外に移りたい
"たくさんのお店ができていてほしい
あまりなし
",高校生,女性,２．一度、市を出て、また帰ってきたい
"暮らしやすい街になるとよい
",高校生,男性,５．県外に移りたい
"少子高齢化が進まないどの世代も元気な街
ない
",高校生,女性,５．県外に移りたい
"子供が安全に楽しく暮らせて、高齢者を支える人がたくさんいる街。
もう少しコスパが良くて学生が遊べるような場所がほしいです。
",高校生,女性,２．一度、市を出て、また帰ってきたい
"賑やかになるといいと思います
ゴミ出しがもっと簡単にできるようになって欲しい
新幹線が乗りずらいと思う
",高校生,女性,５．県外に移りたい
"テスト
テスト
",高校生,男性,３．市内の他の地区に移りたい
"子供を育てやすい場所
",30～39歳,女性,１．いま住んでる地区にずっと住み続けたい
"鯖江に来て3年ほどですが、25歳以上は洋服などは福井市内にでるかネット、他府県が多い状況なのでアルプラザの中身を変えた方が鯖江での消費は増えると思います。
最低でも鯖江のエルパぐらいにはならないと発展はしない気がします。

これからどんどん原価も上がると思われるので、衣食はせめでどこの市よりも安く品質もいい、なぜなら鯖江市がサポートしてるからという市の信頼がこれからの生活の支えになると思われます。
選挙に当選された方は必ず有言実行してもらいたいものですね！
",30～39歳,男性,１．いま住んでる地区にずっと住み続けたい
"保育園や、小学校に、ルネッスのバスが子供を迎えに来て、送迎してくれるのは、働いていると、とても助かりました。働いていても、子育てしやすい環境や、子育てしていても、働きやすい環境になるといいなと思います。
ペットも、家族なので、ドッグランがある公園とか欲しいです。災害の時とか、ペットも一緒に避難できるのかなとか、この子達がいるから、家にいようとか考えます。動物にも優しい町になって欲しいです。
若い人が、福井市の方や、県外に買い物や、遊びに行かなくても良くなったり、市外の人が、鯖江市に遊びに来たいと思う場所が出来るといいなと思います。
丹南病院ありますが、大きな病気も、日赤や、医大に行かなくても、診てもらえる病院になるといいなと思います。
県や市の備蓄の、マスクとか、手袋とか、ガウンとか、希望する医療機関等に配布してますが、コロナが、5類になり、一般家庭で感染した方も、対応をどうして良いか分からない人が沢山います。コロナ診断受けて、薬局に薬をもらいに来た市民の方に、自宅での消毒方法や、対応の仕方、過ごし方の説明書等と一緒に、マスクとか、手袋とか、ガウンとか、配布した方が良いと思います。あと、医療機関や、施設よりも、ヘルパーさんとか、感染した自宅で生活している方の支援に入っている人に、より多く配布できるようなシステムにして欲しいです。
",40～49歳,女性,１．いま住んでる地区にずっと住み続けたい
"双子育児であっても、しっかりとした支援を受けることができる市になってほしい。
回覧板の電子化を強く希望します。坂井市はいち早く電子化に取り組んでいるみたいですし、技術が進化しているのに未だに取り組まないのは遅いと思いました。
",30～39歳,男性,４．県内の他の市町に移りたい
"鯖江市文化センターの別名を付けて、小規模のホールを用意。ライブハウスとして、かっこよく使用できるようにする。外観も張りぼてでも良いので、おしゃれな感じかクールな感じにイメージチェンジする。
",40～49歳,女性,１．いま住んでる地区にずっと住み続けたい
"何より安全安心が一番。特に夜間の忍び込み等の犯罪防止のために、警察は夜間のパトロールを強化してほしい。
このような、市民のアイデアや意見を吸い上げる取り組みは良いと思う。結局、市民のニーズをちゃんと把握できていないと、的外れな政策になってしまうから。
",50～59歳,男性,１．いま住んでる地区にずっと住み続けたい
"・自動運転で小型バスを1時間に2本程走らせ、車を持たない世代が動ける様に

・地域の居場所作り(年齢関係なく年長者と子供が仲良く慣れる場所)
色々な団体が色々なイベントを行っている、イベント同士を繋いで頂けると分散せず盛り上がるのではないでしょうか。
",70～74歳,女性,１．いま住んでる地区にずっと住み続けたい
"メガネ以外にも何かあるといい
若い世代にもっと目を向けて欲しい
",22～29歳,男性,１．いま住んでる地区にずっと住み続けたい
"石川県の白山市のように商業施設が整備されると人が自然にうつり住み、人口も増え、雇用もうまれて活気がある町になると思う。鯖江にも大学や専門学校があるといいですね。美味しい和洋菓子店が多いのでパティシエの専門学校もいいですね。和洋菓子で鯖江が盛り上がると面白いですね。イオンのなかに学生のお店を白山市のようにつくるのもいいですね。
市の公園の落葉樹は?葉っぱが大量に落ち、近隣の家は毎年その落ち葉を毎日掃除している。ボランティアでしているが、葉っぱを燃やすこともできない。せめてゴミ袋の配布ぐらいはあってもいいのではないかと思う。担当課で一度近隣の家で年間どのぐらいの葉っぱのゴミを出すのか調査をしてください。伐採剪定も業者まかせにしないで担当課の方々が立ち会ってほしい。剪定したと業者は言うが切ってない木もある。市の職員が近隣住民に剪定してほしい木について話を聞いてほしい。
",60～64歳,女性,１．いま住んでる地区にずっと住み続けたい
"子持ちの母ですが、子育て優先が叶う働きやすい市になってほしいです。
市役所のコンシェルジュとても良いと思います。窓口で迷っていてもすぐに誘導していただけて、ありがとうございます。
",30～39歳,女性,１．いま住んでる地区にずっと住み続けたい
"年に一度で良いので眼鏡をかけている著名人を呼んでイベントをしてほしい
",30～39歳,女性,１．いま住んでる地区にずっと住み続けたい
"イオンドモ-ル等大きなショッピングモールの誘致が必要です。
もっと元気さがほしい。
",75歳以上,男性,１．いま住んでる地区にずっと住み続けたい
"JRではなくなり、ハピラインになるという事に危機感を持っての対応を望む。
他県から、人を呼び込む入り口なのだから、駅周辺を工事するにしても、""鯖江を感じられる""、""わざわざ鯖江駅に来る""という内容が、絶対に必要だと考える。
どこか他県や他の市の真似は必要だが、真似して終わらないようにしてほしい。
かなりのお金が動く事！
鯖江市民が、他県に向けて誇れる、すてきな環境となるよう動いてほしい。
限られた人数で、精一杯対応されていると感じています。
市民から出てくる声も、多いと思います。
""行政だけで解決しなくてはいけない""という雰囲気があるように感じます。
市民全員と話し合う事は、とても難しい事。

せめて、市に改善を求めて来た方とは、意見のキャッチボールをして、良策を見つけ出していく方法にしてみてもいいのではないかと考えます。
市に改善を求めるなら、市に投げっぱなしはさせない事を条件に付けても良いと思います。
意見交換などを聞いていても、市民は行政を責めているだけがほとんど。
代替案などを提示して話している人はいない。
私自身は、そうならないように、必ず提案
しています。
また行政には、もう少し腹を割ったスタンスを望みます。
市民と行政とで、""鯖江市を創る""というスタイルをもっと色濃くしていっても良いのでは
と、考えます。
",50～59歳,女性,１．いま住んでる地区にずっと住み続けたい
"自信を持って住める街
家族が助け合える家庭つくり
防災計画にしても人が、必要であり、人つくりに力を入れてほしいし、取り組んでいきたい
",70～74歳,男性,１．いま住んでる地区にずっと住み続けたい
"老後も安心して住み続けられる街になってほしい。
税金が高い
兜山古墳の整備や焼却炉の更新など本当に必要なのか？
一般庶民は卵を買うのも躊躇う時節柄、税金を使い切ることばかり考えないで、もう少し市民の目線、感覚で税金の徴収や使い道を考えて欲しいと思う。
",50～59歳,男性,１．いま住んでる地区にずっと住み続けたい
"なし
情報開示が、さらに進んで欲しい。
市民不在の議会運営は、こりごり
",65～69歳,男性,２．一度、市を出て、また帰ってきたい
"男女が意見を持ち合い、活発に発言出来る町でいて欲しいです。
来年の北陸新幹線の延伸により、JR鯖江駅から、近畿、中部地方に行きにくくなります。ハピラインになっても、スムーズに近畿、中部地方に行ける様にして下さい。

サンドーム福井でイベントが有る時に、全国から人が集まります。
駅近くに荷物の一時保管場所を作る。
駅から会場まで、歩いて行く方のちょっとした休憩所を作る。

駅から会場までの徒歩２０分を、いかに短く感じてもらい、鯖江をPR出来るか。おもてなしの気持ちで取り組んで欲しいです。
",50～59歳,女性,１．いま住んでる地区にずっと住み続けたい
"新しいことにチャレンジしていく、変化を恐れすぎない、柔軟性に富んだ考えが溢れる街になって欲しい
いつもありがとうございます。これからもどうぞよろしくお願いいたします。
",30～39歳,男性,１．いま住んでる地区にずっと住み続けたい
"明石市のような子育て支援に特化したまちづくり。
武生中央公園のような大きな施設があると嬉しい。
",22～29歳,女性,１．いま住んでる地区にずっと住み続けたい
"越前市と手を組んでもっと危機感を持ってほしい。どうしたら友達を連れて帰ってきたくなるか、交通手段を考える、そこに高齢者ではない雇用を生む会社を作るなど。
西山公園の周り、鯖江駅前駅裏で鯖江市がお店を作って、起業したい人に引き継ぐなど…給与が上がらず物価だけが上がる今、資金を貯めることも難しいので、スタートラインまで頑張ってもらいたい。ぐちゃぐちゃしたお店ではなく、落ち着いた通りに統一したらいい。
",50～59歳,女性,４．県内の他の市町に移りたい
"住みやすい街であるため、商業施設など充実させれば新しい世帯が増えるのでは？
なし
",65～69歳,男性,１．いま住んでる地区にずっと住み続けたい
"今の子供達が成長した時に、魅力的な企業が少ない。
高校の授業料無償までいかなくても、給食費、通学費を無料にするなど、子供たちが健やかに成長する為に税金を使ってほしい。(一時金は不要)
",30～39歳,女性,１．いま住んでる地区にずっと住み続けたい
"コンパクトシティ化して、災害に強い街づくりにする。
神明苑を廃止して宅地化して、若者世代に優先的に分譲を。新幹線の越前たけふ駅にかがやきを停車させる運動より、ハピリン鉄道の快速、新快速の設定や、北陸新幹線利用の場合、ハピリン鉄道は無料にする等、利用促進政策を。
",60～64歳,男性,１．いま住んでる地区にずっと住み続けたい
"各地区に公園を作ってください。
近くに子どもの遊ぶ場所がありません。
",40～49歳,女性,３．市内の他の地区に移りたい
"環境破壊、地球温暖化、などにより子供たちに明るい未来が見えません。
そもそもゴミを作らない生活、燃やすゴミゼロ、なるべく自動車を使わない、使い捨て生活を改める、など、もう一段高いレベルで取り組むステージに来ていると思います。鯖江モデルとなるとなることを切に思います。
過酷な環境では、私たちの生活も成り立ちません。これまでの生活を維持する段階ではないと思います。
",40～49歳,女性,１．いま住んでる地区にずっと住み続けたい
"具体的ではないのですか、メガネで鯖江に来たいと思わせるコトが出来るといい
",50～59歳,男性,１．いま住んでる地区にずっと住み続けたい
"今、少子化や高齢者への対策がよく言われるが
子供が大きくなってからの方がお金がかかる。
就職しても奨学金などの借金がある。地元へ帰省し就職したなら助成金を支給する等考えてほしい。
結婚や家を建てる事も難しい。
広報は、誰が見ても解りやすい言葉で書いてほしい。
年配の方が増えている。
",50～59歳,女性,１．いま住んでる地区にずっと住み続けたい
"自然、文化、産業を活かして、交流人口を増やし、活力の豊かなまち。
越前市、福井市、大野市と連携した、８号新バイパス幹線道路の整備による、冬季雪対策と、沿線の企業誘致。
",65～69歳,男性,１．いま住んでる地区にずっと住み続けたい
"サンドーム福井があったり、大きな企業もあるため、人の往来も多い場所だと思います。
観光であれ、仕事であれ、その人の最初の「鯖江」のイメージは重要だと思います。
その窓口となる駅や幹線道路をまずはしっかり整備して、市のイメージづくりをしてほしい。
転勤族なので、いつまで鯖江にいるかわかりませんが、時間を作って地道に個人活動を進めたい。
夜の散歩しながらのゴミ拾い、GoogleMapのマチ情報の更新など「個」でもできることで街づくりの一助を担えたらと思います。
鯖江市の更なる発展を楽しみにしています。
",40～49歳,男性,１．いま住んでる地区にずっと住み続けたい
"娘が二人居るので、将来子どもたちが鯖江で暮らし、子育てをしたいと思えるよう、子育て支援をしてほしい。
学童の定員がいっぱいで窮屈そうなので、共働きの核家族が安心して働けるよう児童が増えている学校の学童を充実させてほしい。
隣の越前市にある武生中央公園のような大型遊具のある公園がほしい
",30～39歳,女性,１．いま住んでる地区にずっと住み続けたい
"デジタルを活用して老若男女問わず個性が発揮できる街、柔軟に固定観念にとらわれない政策に挑戦できる市であって欲しい。
特になし
",50～59歳,男性,１．いま住んでる地区にずっと住み続けたい
"生活基盤、労働環境、自然環境の充実、及び、若者から高齢者まで安心して暮らせる活気ある街
先日、区長からの指示に従い、鯖江市文化センターでの防災講習に参加しましたが、このようなイベントは素晴らしく、一般参加もできるように案内されてはいかがでしょうか?
",60～64歳,男性,１．いま住んでる地区にずっと住み続けたい
"若者や子どもたちが夢と希望を持てるよう鯖江の良さを伝えていくこと
鯖江の歴史を次世代に伝えて守っていくこと
",65～69歳,男性,１．いま住んでる地区にずっと住み続けたい
"今より充実した、新図書館。子供の減少により、児童数が少ない小学校などの運営などの見直しを今後、考えていくほうがよいとおもわれる。
最低賃金が改正されました。鯖江市全体は、とても低いです。
",60～64歳,女性,１．いま住んでる地区にずっと住み続けたい
"さらに少子高齢化が進めば、山間部から廃村になっていき、人口が減少する。
「SDGsの17の開発目標」なんかに参加せずに、鯖江市独自の目標を立てて、推し進めていってほしい。
",65～69歳,男性,１．いま住んでる地区にずっと住み続けたい
"メガネ以外のインパクトがあるものを作る
",40～49歳,男性,１．いま住んでる地区にずっと住み続けたい
"婚活イベントなどを開催して、若者の交流できる機会を増やして欲しい
結婚して鯖江市に住むなら、メリットを増やして魅力ある街づくりを推進して欲しい
人口減少対策に取り組んで欲しい
諸手続きを窓口に行かなくても、スマホなどでできるようにして欲しい
",50～59歳,男性,１．いま住んでる地区にずっと住み続けたい
"子どもたちが安心して教育を受けられたり、活動(遊んだり)したりすることができる町になってほしい
",30～39歳,女性,１．いま住んでる地区にずっと住み続けたい
"今もたくさんの取り組みがあるが、これからを担う若い世代が、さらに安心して子育てや生活ができるようにしてほしい。
古い体制を一新し、市議会選で当選した新人のみなさんが、しっかりと活躍できる議会であってほしい。
未満児が保育園に入りづらいのは承知の上だが、保育士を増やして受け幅を広げてほしい。昔に比べ、物価の上昇など、生活にかかるお金が増えている。子どもを産んだらなるべく早く仕事に復帰しないと、生活に影響が出る。そのためには、保育士の待遇改善や基準の変更など色々と課題はあると思うが。これまで鯖江市を創り上げてくださった高齢者の方々にはもちろん感謝しているが、今、1番手をかけなければいけないのは、子どもに関することだと思う。他の市町村にない、鯖江市ならではの様々な取り組みを早急に進めていかないと、10年、20年先の鯖江市が成り立たなくなっていくのではないか。国が「異次元の…」と謳っているが、行動や内容に全く期待できない。明石市のような思い切った政策に期待したい。
",30～39歳,男性,１．いま住んでる地区にずっと住み続けたい
"擬似職業体験ができる施設や昆虫博物館、プールなど内外で出来る所が欲しいです。
人が集まりそうな所を作って欲しいです。
オムツを無料化して欲しいです。
子供服が安く手に入る場所が欲しいです。
自然を生かた農業体験施設があるといいです。
",30～39歳,女性,１．いま住んでる地区にずっと住み続けたい
"テーマパークのある鯖江
商業施設のある鯖江
県外から多くの人が訪れるような鯖江
もっと企業を誘致し、法人税による税収を上げる。それにより市民税を抑える。抑えた分で消費を上げ市の経済が潤滑できるサイクルを作る。少子化対策、また若い世代が永く住めるよう、例えば婚姻に対して市から補助金で助成するといった市独自の施策を策定してみてはどうか。市民の血税を無駄に使って欲しくない。発展の為には越前市を超越する市政が必要なのではないだろうか。
コンサートなどで鯖江駅にたくさんの人が集まる時があるが、駅前が閑散としているのが勿体無い。折角の商機なので駅前、駅裏をもっと開発すべき。
",30～39歳,男性,５．県外に移りたい
"鯖江市に、ドライブ/散策、のコースを目一杯設定し、交流/動きを一般の村の人も許容できた中で行える様にする。
50コース程。
前向きでの企画、活動をお願いします。
",65～69歳,男性,１．いま住んでる地区にずっと住み続けたい
"回覧板をデジタル化して、経費を浮かす。
田んぼをどんどん潰して、家を建てている現状があるが、持続可能な開発とは言えないと思う。古い家を壊して、建て替えをしやすくするように、税金を優遇するなど、何か措置を考えてもいいのではないかと思う。
教育に使うお金をもっと増やし、支援員の待遇を改善しなければ、なり手がなく、教育の質を落とす要因となりかねない。予算をもっと、教育に配分してください。
",30～39歳,男性,１．いま住んでる地区にずっと住み続けたい
"高齢者も当事者になるような、なれるような助け合える市。
Q12を実現するための意識付けをお願いします。
",40～49歳,男性,２．一度、市を出て、また帰ってきたい
"昔から続いている活動や付き合いが、高齢化や少子化が進む中でそのままでは維持できない状況になっている。現状に合わせて変えて行き快適にする取り組みが大事と考える。
",65～69歳,男性,１．いま住んでる地区にずっと住み続けたい
"移住してくる人が増えてほしい
中学校のプールを使えるようにしてほしい
",16～17歳,女性,１．いま住んでる地区にずっと住み続けたい
"福井駅前のベンチが恐竜型になっているように、景観に面白いアイデアを盛り込んだSNS映えのする町。

大野市発ですが、醤油カツ丼は全国にもっとアピールすべき。鯖江でも味見屋さんなど美味しいお店があります。
あっさり醤油とたっぷり野菜とカツの組み合わせは新しい発明です。
しかし県内でも知ってる人はまだ少ないように思います。
ソースカツ丼と対を張る定番メニューに育てられるよう、大野市と協力して発信していけないでしょうか。

西山公園の周辺に、カフェや娯楽などの集客施設を。
",50～59歳,男性,５．県外に移りたい
"雨でも子供から大人まで楽しめる娯楽施設が欲しいです
子供の手当て、教室資金をもっと充実させて欲しいです。
",40～49歳,女性,１．いま住んでる地区にずっと住み続けたい
"コンパクトシティーを目指してほしいです。
交通の利便性をあげて欲しいです。
",65～69歳,男性,１．いま住んでる地区にずっと住み続けたい
"子育て支援についても独自性が無く、物まねにすぎません。実際の当事者の意見をもっと取り上げて実行する仕組みを早急に作って欲しい。
年配者の発想に頼っていては、益々後進市になり、取り残されると思います。
若者の発想を取り入れて、失敗しても責める事をせず、それを糧にして、更にステップアップする環境づくりの整備。
",75歳以上,男性,１．いま住んでる地区にずっと住み続けたい
"若い世代の人の人口が増え、子育てしやすい街になってくれるといいなと思います。
私自身も鯖江での婚姻、子育てを考えています。住みやすい地域なので、若い世代への支援が増えるとよりよくなるのではと思います。
例えば永平寺町が行っているように鯖江で婚姻するカップルに対して引越し費用や祝金を出すなどすると、鯖江に定住したい若い世代は増えるのではと思います。
",22～29歳,女性,１．いま住んでる地区にずっと住み続けたい
"丹南地区の市町村合併。福井市から人が移動する市町を目指す。
",60～64歳,男性,４．県内の他の市町に移りたい
"高齢者に無料でのお買い物に行けるバスを運行してほしい。子育て世代だけではなく鯖江市に住んでいる人全員にサービスがあるような町にしてほしい
世の中が子育て世代ばかり優遇しているので鯖江市だけでも鯖江市民全員が優遇されるような政策を考えてほしい
鯖江市のゴミ分別が多すぎて大変です。どうにかしてください。
",50～59歳,女性,４．県内の他の市町に移りたい
"コミュニテｨがあったお陰で災害時に助けてもらったり出来たと思いますが、最近の若い人は行事にも全く顔を出さない人もいて、それってどうなの？と思います。
人が住んでいない家なのに夜中電気がついていたり、泥棒が入ってもわからない程、人が減ったらどうしようと思う日々です。
",50～59歳,女性,１．いま住んでる地区にずっと住み続けたい
"プライバシーと地域同士の交流は相互がバランスよく機能していかなければならない問題ですが、誰かがしてくれるだろうという意識を1人1人が持つべきだと思います。空き家が鯖江市は増えているなかで新しい事業をしたくても土地が高かったりして断念している方もいると思うので、期間をもうけて空き家を解放し事業にチャレンジしてみる機会をたくさん作ってみてはどうでしょうか？商店街の活性化、鯖江市の祭りの盛り上がり全てにおいてとても元気に循環していけると思います。
",40～49歳,女性,１．いま住んでる地区にずっと住み続けたい
"福井市はエルパで満足してそうですが、
他県に比べるとクオリティが低いので、
鯖江市からショッピングモール等で若者を集められると思います
本当に立待小学校付近の交通量は多いし、見通しも悪いので、標識やライト、カーブミラーを改善して欲しいです。
お忙しいとは思いますが、対応して頂きたいです。宜しくお願いします
",30～39歳,男性,１．いま住んでる地区にずっと住み続けたい
"鯖江はコンパクトシティで車があれば、必要なものがすぐそろいます。なので、非常に住みやすいです。
越前市や福井市にも近く、通勤面でも便利だと思います。しかし、家族で出かけたいと思うところが少ないです。住みよいまちにもかかわらず、小さい子ども（未就学児）と出かけたいと思うところが少ないのがもったいないです。
子育て世代がより楽しめる施設面の充実を目指してほしいです。
神明苑を高齢者のために残しましたが、家族の遊び場としての整備を期待していました。
子育て世代のために、点としては、子育て支援センターや西山公園の広場などありますが、1日を通して家族で過ごせる場が少ないように思います。
例えば越前市のだるまちゃん広場のような、子どもも広場で遊び、楽しむことができ、親も図書館や飲食店で楽しめるような環境整備をしてほしいです。
家族で行きたい場をつくれば人が集まり、にぎわいが生まれます。
午前中から出かけ、家族で食事ができ、午後からも楽しめるような場をつくってほしいです。
そのために、神明駅が近く、鯖江の中心にあり交通の便の良い神明苑をリニューアルし、近隣の飲食店など整備して、1日楽しめるような総合運動公園のような施設をつくってほしいです。
",30～39歳,男性,１．いま住んでる地区にずっと住み続けたい
"娯楽施設を……もっと増やしてほしい……
若者が……政治に興味持つよう??頑張って欲しいヽ(●´ε｀●)ノﾎｽｨ
",50～59歳,男性,１．いま住んでる地区にずっと住み続けたい
"西山公園をもっと変えたら良い。高齢者には坂がつらい。動物園までエレベーターつけるとか。さくら、ツツジは誇れる。テーマを整えた公園にするなど。昭和のレトロ感を出す、キャラを考えるなど。また若者がくるイオンモールを作った方がいい。福井初、ここにしかない特色をもって町を希望
税金を下げて下さい。今は物価が高く、給料が見合ってない人がたくさんいます。そこで鯖江にすんだら税金が安くなるとか、鯖江にすんだら毎月お米がもらえるとか、できませんか。みんな苦しんでます。
",40～49歳,女性,１．いま住んでる地区にずっと住み続けたい
"ジブリの森とかあったらいいと思います，
",60～64歳,女性,１．いま住んでる地区にずっと住み続けたい
"子供を育てながら安心して働ける環境が欲しい
暑い日や雪の日、雨の日も遊べる子供の室内遊び場を早急に作って欲しい
",30～39歳,女性,１．いま住んでる地区にずっと住み続けたい
"このままでよい
もう少し福祉に力を入れてほしい。
",65～69歳,男性,１．いま住んでる地区にずっと住み続けたい
"子供(未就学児～小学生)が雨や雪の日が多くても遊べるような施設をたくさん作って欲しい。
車がない人も自由に移動ができる方法をもっと考えて欲しい。
鯖江市役所で働いている方の対応レベルが全体的に低いと思います。しっかり対応してくださるよう指導していただきたいです。
",30～39歳,回答しない,１．いま住んでる地区にずっと住み続けたい
"突き抜けたIT都市として、福井県の中枢都市を目指してほしい
",30～39歳,男性,３．市内の他の地区に移りたい
"丹南高校跡に是非とも美術専門学校を設けてほしい。丹南高校には、美術大学に劣らない設備がありますが、十分活用されていません。北陸三県で、美術関係の高校や専門学校、大学が無いのは、福井県だけです。鯖江市には、メガネ産業や河和田漆器、繊維があり、隣の越前市には、越前和紙、越前家具等、また、越前町には、越前焼があり、これら丹南地区の伝統産業を更に発展させるには、基礎美術が必要条件になります。鯖江市が、将来生き残るには、若者の美術の教育が必要です。丹南地区の鯖江市に是非とも美術関係の学校を設置されることを願っています。
今年の市会議員に３名の女性が当選され、喜んでいます。鯖江市は、女性活躍、ジェンダー推進を挙げていますが、残念ながら女性の区長は、ほとんどいません。町内会の役員もほとんど男性ばかりです。市も町内に任せるのでなく、女性の区長、役員が、増えるように割合を示すなど働きかけてほしい。女性の区長、役員が増えれば、もっと住みやすい町になるのではないでしよか。
",70～74歳,男性,１．いま住んでる地区にずっと住み続けたい
"正直で平和な市
このアンケート調査のように、比較的下層の住民の声を聞いてもらいたい。
",65～69歳,男性,４．県内の他の市町に移りたい
"大学があると、良くも悪くも活気が出ると思う
",40～49歳,男性,１．いま住んでる地区にずっと住み続けたい
"若者が働きたくなる、結婚して住みたくなるような企業誘致を進めてほしい。
",60～64歳,男性,１．いま住んでる地区にずっと住み続けたい
"高齢者、子どもの交流が盛んな街になって欲しい。
住宅街でのバーベキューの注意喚起をお願いしたい。
",30～39歳,女性,４．県内の他の市町に移りたい
"市の東地区の人口減少よよる将来が心配。大きな旧家で高齢者のひとり暮らしが増え、その後の空き家問題も懸念される。
元気な内に気の合う仲間同士が寄り添い同居生活が出来ると、見守り合いが出来て安心につながる。

 東側地区の子供の数も減少の一途。少数クラスの利点もあるが刺激のなさも否めない。先ではあるが東陽小中学校併設もありではないでしょうか。小学児童はスクールバスの送迎で安全確保できる。
今の北中山小学校の場所は、今立から車で走ってくると この小学校に突き当たります。福井へ抜けるトンネルへはそこを右折するか、消防署の前をクランクして走るようになっていて混雑時間もある。
今立から戸口トンネルへのまっすぐな道も可能になる。

また北中山地区は福井へも武生、今立、池田へのアクセスが良いところ。中河、北中山地区の田園は残したいところでもありますが、今後開発地としては持ってこいの余力がある場所。相続で田畑を手放したい人が増えた場合、農業用地の集約をした上で、広大な地を有効活用し、企業誘致や大型商業施設、自然を残しつつの大型公園をつくり、周りには十分な駐車場確保し、隣接の町から車で来やすくする。そんな施設が出来るといいと思う。
一方、それによる交通量が多くなる場合には、住民への配慮は忘れずに整備して欲しい。
南北に走る福井今立線の県道は、福井に抜ける通勤には便利なまあまあ静かな道でした。新しい戸口トンネルができてからの交通量は目まぐるしく、大型トラックやトレーラーがひっきりなしに通ります。鯖江の8号線を避けてこちらを利用する大型車が増えています。戸口町内の歩道のないところも駆け抜けて行きます。歩いていてヒヤッとしたときもあり危ないのが現状です。速度制限を設けるとかできないでしょうか。
住宅が道沿いに建ち並ぶ町内を大型車両が頻繁に行き交う所は、そうないと思います。せめて大型車だけでも町内を回避して福井今立間を走る道を検討してくださるよう希望します。
",50～59歳,女性,５．県外に移りたい
"自然や歴史、文化、遊びの案内人を育て、その人たちに鯖江のいろんないいところを教えてもらいたい。
公共施設のメンテナンスをしっかり計画的にやってほしい。作るばかりでなく存続し続けることが大切
",60～64歳,女性,１．いま住んでる地区にずっと住み続けたい
"眼鏡会館、漆器会館に近隣の和紙の里、打刃物、池田のジップライン、川下りなどでの体験学習等を利用して修学旅行を誘致すると良い
西部地区から東部地区までを貫く道
路を作って欲しい。
",65～69歳,男性,１．いま住んでる地区にずっと住み続けたい
"ツツジ祭りやメガネ産業もアピールが下手。将来性のあるものに予算をかけて新幹線開通する人や物流のチャンスを活かして欲しい。
市議や市政に関わる人々は、市民にとって生活環境を良くして暮らしを豊かにするべく日々奮闘していると信じたい。
市議選が終わり声をからして訴えたアツいキモチを失くさないで税金を活用して欲しい。
",60～64歳,男性,１．いま住んでる地区にずっと住み続けたい
"地場産業を、もっともっと全国にアピールして、若い人が多く移住して活気のある市になるとよい。
",65～69歳,女性,４．県内の他の市町に移りたい
"イオンモールやコストコ、三井アウトレット等大手商業施設があると行くのになぁと思います。また、よく要望があると思いますが、子育て世代の私からすると、越前市のだるまちゃん広場や隣接するスタバが羨ましいです。屋内遊具施設なども継続可能な方法で前向きに検討していただきたいです。
いつも市民のために尽力いただきありがとうございます。
",22～29歳,女性,４．県内の他の市町に移りたい
"鯖江市はすごいいい街なんだけども娯楽が足りない。移動せずに遊べる場所が1カ所に固まってなし西山公園から鯖江駅までに1カ所、ちょっとしたおしゃれなビルがあると、良いのではないかと思う。
子供からお年寄りまでが自分の足で歩いて行ける場所が近くにあるといいと思う。
鯖江市にきれいな公園がない。
どんどん新しいことを取り入れて、挑戦して欲しいですダメなら直ぐやめて
新しいことや便利な事を取り入れて、ムダムリムラをなくしていってほしい
同じ人口の規模で良い県外の市を真似て
みるのもいいかなと私が思うのは、とにかく娯楽が少ないきれいな公園がないバスも、もっと普通の人がバスを使えるって知らせたほうが良いと思う。宣伝したほうがいいと思う。本数を増やせると良い。
",50～59歳,女性,１．いま住んでる地区にずっと住み続けたい
"100%男女の権利が同等であってほしい
いじめとかDVとかがない街になってほしい
あってもすぐに対処してほしい　手遅れになる前に
子供達が未来に　生きることに希望を持てる街になってほしい
",65～69歳,女性,１．いま住んでる地区にずっと住み続けたい
"困ったことなどをスマホなどで投書すればすぐに解決できるシステムがあればいい
猿その他の獣が畑を荒らすので野菜を作る気がしなくなってしまった　なんとかしてください
",65～69歳,女性,１．いま住んでる地区にずっと住み続けたい
"土曜日保育園を休む事にたくさんの方が協力してくださっているので、保育料のあり方を変えてほしい。月曜日から金曜日までの保育料にして、土曜日は利用する人はお金を払って利用するという形をとるようにしてほしい。
子育てしやすい制度はどんどんととなってきていると思うが、保育現場で働くものにとっても働きやすい環境を整えて欲しい
",50～59歳,女性,１．いま住んでる地区にずっと住み続けたい
"越前市みたいに、天候型の施設を作ってほしい
小さい子～みんなが遊べるようなやつ
JK課は必要ですか？
",40～49歳,女性,４．県内の他の市町に移りたい
"教育（人材育成）のまちにすべき
",30～39歳,男性,１．いま住んでる地区にずっと住み続けたい
"漆器や眼鏡や織物など昔からの伝統有形文化が多いこと、西山公園や旧街道や田んぼの多さなど地形もしっかり残っていますのでその特徴や良さを意識することで幸せ感や安心感にも繋がる可能性があります。

また、これまでにデジタルに力を入れていることや、JK課などこれまでにない自由な発想や事業への理解があるように感じます。
最先端の情報収集を怠らず、便利なツールを駆使することも難しくないのではないでしょうか。
市民のニーズを年代ごとにつかみ、世代ごとの知識や労働力を適切に利用することでさらなる地域の発展や繁栄に繋がるのでは、と希望をもっています。
私たちを善良な市民の一人として生きられるような政治をよろしくお願いいたします。

悲しいとか寂しいと感じる人が減るような選択をしていただけましたら何よりです。
",30～39歳,女性,１．いま住んでる地区にずっと住み続けたい
"西山公園と街がいったいなって賑わいのある街。
日野川の河川敷を整備し市民が憩える場所にする。
",75歳以上,男性,５．県外に移りたい
"人口を増やす為、若い世代の移住を勧める。留学生や研修生などの外国人の受け入れを行う
",50～59歳,女性,１．いま住んでる地区にずっと住み続けたい
"新幹線が開通しても通過するのだから無理をしないで身の丈にあったまちづくりをすれば良いと思います。
しっかりと職員が仕事をしているか管理してほしい。管理職とは名ばかり。
",60～64歳,男性,５．県外に移りたい
"市民、みんなが笑顔て挨拶し合っている街
市としての方針（取り組み）を明確にし、市民への説明め十分に行う。
",65～69歳,男性,１．いま住んでる地区にずっと住み続けたい
"観光客が滞在・周遊しやすい町。子育てがしやすいまち。
市役所で働いてる人が疲れてるように見える。人員が少ない？窓口の待ち時間が長くなった気がする。
",50～59歳,女性,１．いま住んでる地区にずっと住み続けたい
"サイクリングロードのコース設定を観光スポットを織り混ぜ周知していただけると嬉しいです。
あとランニングする時に河川敷を走るのですが、途中途切れているところがあるので繋げて欲しいです。
みんなで創る鯖江市♪
応援してますので、頑張ってみんなで楽しめる鯖江市を創っていってくださいm(_ _)m
",40～49歳,男性,１．いま住んでる地区にずっと住み続けたい
"福井市に隣接しているけど、
福井市とは違う鯖江らしさがあると良い。
河和田漆器を鯖江市内でももっと取り入れて貰う。
眼鏡産業をもっとアピールしたような事をする。
鯖江市の日を設けてイベントを開催する。
ゴミは、もう少し 捨てやすい環境を整えて欲しいです。
",50～59歳,女性,１．いま住んでる地区にずっと住み続けたい
"めがねのまちさばえに徹底的特化した街作りと、日本1高齢者や障がい者が暮らしやすく街全体がユニバーサルデザインされた街にするのが良いと思います。
建築物を作る時には変更が出来る段階で当事者の意見を聞くようにしてください。茶番的なヒヤリングは当事者に失礼です。
",50～59歳,男性,１．いま住んでる地区にずっと住み続けたい
"10地区10色の発想はすばらしいので、形に出来るサポートを。
個別非難計画の策定など自治会（自主防災）の負担増に対する補助を希望します。
",50～59歳,男性,１．いま住んでる地区にずっと住み続けたい
"福井市、越前市の弱点､短所を取り込む副都心としての活路､役割が有る筈｡新幹線の通過都市として。
早期に議会を正常化することです｡
",75歳以上,男性,１．いま住んでる地区にずっと住み続けたい
"夢の、ある鯖江に、なるように。
計画性がないように、見えます。
",30～39歳,男性,１．いま住んでる地区にずっと住み続けたい
"県外の人がもっと遊びに行きたいと思ってくれる街
中小企業にもっと支援をして欲しい。
",50～59歳,女性,１．いま住んでる地区にずっと住み続けたい
"眼鏡業界にいるが、ここ数年IOFTの展示会の費用が年々高くなっている。国内のみならず、海外のメーカー、商社も集まる場を鯖江市が出資して欲しい。世界的なイベントに今後なると思うので、鯖江はもちろん、福井県内の観光や経済活性化につながると思います。
インフレで家計が圧迫しているため、減税などの対策をして欲しい。
",30～39歳,男性,１．いま住んでる地区にずっと住み続けたい
"防犯対策レベルを上げて安心した生活が出来る町にしてほしい。
今後の神明苑について、現在はどこまで進んでいるのでしょう？市として情報開示、発信してください。
",75歳以上,男性,１．いま住んでる地区にずっと住み続けたい
"コンパクトシティーを、活かせ。
産業の新陳代謝を、促せ。

年寄り退場、若者主役で、
行政の透明性の確保
",65～69歳,男性,１．いま住んでる地区にずっと住み続けたい
"どこにすんでいても、買いものがしやすい。そんなまちにしたい。
",30～39歳,男性,１．いま住んでる地区にずっと住み続けたい
"誰もが自信を持って鯖江市に住んでいると自慢できるような街になっていってほしい
",30～39歳,男性,１．いま住んでる地区にずっと住み続けたい
"丹南高校後を県立大学の鯖江キャンパスとして活用し、若者人口を増やす。
財政が厳しいのであれば、パフォーマン的な施策をやめ、資源を浪費すべきでない。また、公共施設の老朽化、整理統合に対して考え方をわかりやすく市民に示すべき。
",60～64歳,男性,１．いま住んでる地区にずっと住み続けたい
"むずかしい
取り組みの成果が見えない。市民が成果を評価できるようして、自らさそる取組への参加を促す
",60～64歳,男性,５．県外に移りたい
"全年代が十分に毎日イキイキと楽しく過ごせる街になってほしい。
幅広い年代の人達が楽しめるイベントなどを企画してほしい。
他市にあるCafeやお店などを鯖江市にも建ててほしい
",40～49歳,女性,１．いま住んでる地区にずっと住み続けたい
"６０才前後の元気なお年寄りが楽しく仕事が出来て社会貢献がしやすい街作りをお願いします。
空き家をコミニティーの場所にしたり、やすい家賃で貸して喫茶店やお店にしやすくして若い人に仕事の場を提供してください。
これからの家庭の形として、子供達が独立したあと、片方の配偶者が亡くなると、1人暮らしのお年寄りが増えていく状況だと思います。そうなった場合金銭的に厳しい状況になってくると思います。
そうなった時に市からの何らかの支援があり暮らしやすくなれば、あぁ鯖江市で良かったーと思うのではないでしょうか　笑
",60～64歳,女性,１．いま住んでる地区にずっと住み続けたい
"若い世代が安心できる街で、発信力もあると魅力的ですね。
",60～64歳,男性,１．いま住んでる地区にずっと住み続けたい
"自然豊かなまち
",50～59歳,男性,１．いま住んでる地区にずっと住み続けたい
"公園などに果物の木を植えて季節感ある生活をする、子供会で季節事の取り組みで利用する
",60～64歳,女性,５．県外に移りたい
"勝手な印象で申し訳ないですが、鯖江市は福井越前が職場の人のベッドタウンとされている印象があります。そういう人たちがわざわざ休日に車で20分30分かけて遠方まで出掛けずとも地元で買い物して地元で遊んでができる場所だと、子育てや高齢者の健康づくりなども担えるし働く世代の時間コストも削減できてみんなハッピーになれるんじゃないかなと思います。
Instagramはよく拝見しておりますが、その他SNSももっと活用した方がいいのではないでしょうか。普段から積極的に使いフォロワー数を稼いでおくことで、災害時など急を要する時の情報拡散が可能ではないかと思います。
",22～29歳,女性,４．県内の他の市町に移りたい
"世界初のチャレンジが次々と誕生する町
世界中の人を歓迎する町
世界一、メガネデバイスの活用に力をいれる町
世界一、デジタル推進に力をいれる町
今やっている事業をすべてオープンにしてほしい（公金支出情報の全公開）
",40～49歳,男性,１．いま住んでる地区にずっと住み続けたい
"越前市や福井市に近いので、住む場所としては立地がいいので、「働くのは市外、住むのは鯖江市」となるように仕掛けていくといいと思う。
外向けのPRに目を向けるよりも、市民が何を求めているのか、今住んでいる市民のために必要なことが何かを一番に考えてほしい
選ばれるまちになるためには、今住んでいる人たちが離れていかないことが大切であり、一部の意見に振り回されないことが大切だと思う。
新幹線の駅がなく人口も減っていく中で、新しい施設が本当に必要なのか、原点に立ち返って冷静に判断してほしい。
保育所でおむつのサブスクをとりいれてほしい。
市役所１階のトイレはタイル張りで汚く、手続きに子供を連れて行ったときに、服を脱がせづらくて大変困った。
",50～59歳,女性,１．いま住んでる地区にずっと住み続けたい
"福井市中心部に行かずとも事足りる商業施設や娯楽施設を充実させてほしい。
イオンシネマとか大型ショッピングモールを誘致してほしい。
特になし
",22～29歳,男性,１．いま住んでる地区にずっと住み続けたい
"以前から話はあるが、形が見えない神明地区の再開発について気になります。人口が多い地区なのに、鯖江地区や立待地区と比較すると、一押しポイントが弱いと感じ、もったいないと思います。
",40～49歳,女性,１．いま住んでる地区にずっと住み続けたい
"他市にないもの
",50～59歳,男性,５．県外に移りたい
"すでに人口減少が始まっている。これから選ばれるまちになるためには、誰もがチャレンジでき、それを応援する行政や住民がいて、多様性が尊重されるまちであってほしい。
今回の市議会議員選挙で、投票率を上げるために本当に何か行っていたのか疑問。投票所のバリアフリー化や期日前投票の投票所を増やすなど、すぐにでもやれるのでは？と思えることも多い。
また、新幹線開通後の鯖江の公共交通についても今後生活が不便になるのではないかという不安がある。駅東側の再開発も予定されているようだが、本当に市民の生活が便利になる再開発であるのかを考えてほしい。
神明宛のように、明らかに予算を食うだけの一部の世代にしか必要でない風呂施設を、利用していない人の感情的な署名が集まっただけでなんとなく継続されていくようなことがこれ以上起こってほしくないと願っている。
",40～49歳,女性,１．いま住んでる地区にずっと住み続けたい
"鯖江市は人の顔が見える人口規模で、小学校区単位での特に公民館を拠点とした人づくりが期待されます。また、世界体操や豪雨災害で培った「おせっかい精神」は、どこの自治体にも負けないと思います。
子どもから高齢者、障がい者も健常者も公民館等での市民との対話を活発にして、地域にとって何が必要か一緒に考え、一緒に創り出すしくみがあるといいと思います。取り分け北中山地区は地区自治に先行して取り組んでおり、モデル的な存在です。市全域で広がるといいかと考えます。
",50～59歳,女性,１．いま住んでる地区にずっと住み続けたい
"市街地整備、周辺地域の農地環境整備など、都市基盤・公共施設を中心に全市的にインフラ整備が充実した、かつ、世界に冠たる眼鏡産業を軸とした地味にすごいユニークな都市であり、他県・他市から見ると魅力的であると思うので、情報発信の取組を強化するよりも、交通アクセスや宿泊滞在環境など外から「訪れやすい・過ごしやすい・交わりやすい」都市を目指したまちづくり整備を進めていくべきだと思う。
",60～64歳,男性,１．いま住んでる地区にずっと住み続けたい
"スポーツ施設・商業施設があると元気が出るんじゃないかと思います。
市民が集える場所がないところがさみしい
",40～49歳,男性,１．いま住んでる地区にずっと住み続けたい
"特にありません。
議会でお互いの批判ばかり言ってないで、本当に市民のために意見交換して市民が暮らしやすくなる、または移住したくなる制度を整えてほしいです。
",60～64歳,女性,５．県外に移りたい
"人口減対策として、「子育てのしやすい街」として各種対策を行っていく必要があると考えます。
",50～59歳,男性,１．いま住んでる地区にずっと住み続けたい
