回答番号,受付番号,回答日時,あなたの性別は？,あなたが住んでる地区は？,あなたが住んでる地区の良いところや好きなところ、自慢したいところは？,鯖江市に変わってほしいところや不便なところは？,あなたが社会人になっても鯖江市（市外の方は今住んでるまち）に住み続けたい？ [※１～２を選択した人の次の設問はQ７です],Q5で３～５を選択した人にお聞きします。具体的にどこに移りたいですか？ [都道府県、市町、地区名など],Ｑ５であなたが選んだ理由は？ [できるだけ具体的にお願いいたします。],あなたが欲しい情報を探したり集めたりするときに使うものは？ [（○は３つまで）],あなたは鯖江市がどんなまちになったらいいと思いますか？ [（○は３つまで）],鯖江市の将来像について、夢や希望、アイデアなど、想いを自由に書いてください。,その他、市に対して言いたいことを、自由に書いてください。
208,PB00020888,2023-07-14T11:10:38,男性,新横江（鯖江東小学校区）,湧き水がある,ない,２．一度、市を出て、また帰ってきたい,,特にない,スマートフォン（スマホ）,歴史・伝統・芸術・文化を大切にするまち,ない,ない
207,PB00020787,2023-07-14T10:44:32,女性,市外,昔ながらの情緒ある町並み。治安の良さ。清潔さ。学習環境の良さ。,特にない。,１．いま住んでる地区にずっと住み続けたい,,今住んでいる土地が好きだから。将来自分の住んでいる土地について発信していきたいと思っているから。,パソコン;スマートフォン（スマホ）;タブレット端末,まちなみや景観が美しいまち;子どもから高齢者まで安心して教育を受けられるまち;個性を尊重し多様なライフスタイルが実現できるまち,土地の特徴を活かして県外にアピールしていってほしい。,特にないです。
206,PB00020634,2023-07-14T09:46:16,女性,北中山,"自然が豊か
人が優しい",友達と楽しめるような施設がほしい,１．いま住んでる地区にずっと住み続けたい,,住心地が良いから,スマートフォン（スマホ）,個性を尊重し多様なライフスタイルが実現できるまち;大型商業施設（複合型店舗）があり生活利便性や満足度が高いまち;お店や娯楽施設が豊富で夜でもにぎやかさのあるまち,,
205,PB00020570,2023-07-14T09:43:51,男性,吉川,自然,遊ぶ場所が少ない,１．いま住んでる地区にずっと住み続けたい,,住みやすいから,パソコン;スマートフォン（スマホ）;新聞・雑誌など,個性を尊重し多様なライフスタイルが実現できるまち,,
204,PB00020437,2023-07-14T09:43:41,男性,中河,犯罪がないこと,大きい施設が少ないこと,５．県外に移りたい,北海道,夏が暑くないから,スマートフォン（スマホ）,スポーツに親しむ環境が整備されたまち;安心して結婚・出産・子育てができるまち;だれもが自由に移動できる交通利便性の高いまち,若い人が活躍する。,
203,PB00020393,2023-07-14T09:43:30,女性,市外,スタバがある,友達と遊べる場所が少ない,５．県外に移りたい,大阪府,都会に行きたいから,スマートフォン（スマホ）;タブレット端末,防災対策や防犯対策が十分で安全安心に暮らせるまち;大型商業施設（複合型店舗）があり生活利便性や満足度が高いまち;まちなみや景観が美しいまち,みんなが安心して暮らせる町,ショッピングモールを作ってほしい
202,PB00020220,2023-07-14T09:43:10,女性,立待,"引っ越してきたのでわからない
もともと北中山にいたけど、紫陽花がきれいなところや川島ごぼうがおいしいところや自然・歴史あふれるところが魅力だと思う。","山すぎる
遊べるばしょがアルプラしかない",２．一度、市を出て、また帰ってきたい,,住みやすい,スマートフォン（スマホ）;テレビ;新聞・雑誌など,子どもから高齢者まで安心して教育を受けられるまち;歴史・伝統・芸術・文化を大切にするまち;地域資源を活かした観光交流が盛んなまち,今のままでもよい,
201,PB00020180,2023-07-14T09:42:51,男性,鯖江（惜陰・進徳小学校区）,学校などから近い、住民が多い,若者向けの施設が少ない,２．一度、市を出て、また帰ってきたい,,県内に魅力的な施設などがないから,パソコン;スマートフォン（スマホ）;テレビ,まちなみや景観が美しいまち;地域資源を活かした観光交流が盛んなまち;大型商業施設（複合型店舗）があり生活利便性や満足度が高いまち,,
200,PB00020049,2023-07-14T09:42:10,男性,鯖江（惜陰・進徳小学校区）,平和,ない,１．いま住んでる地区にずっと住み続けたい,,住みやすいから,スマートフォン（スマホ）,子どもから高齢者まで安心して教育を受けられるまち,ない,ない
199,PB00019940,2023-07-14T09:41:53,男性,鯖江（惜陰・進徳小学校区）,勉強するための環境が整っている,なし,１．いま住んでる地区にずっと住み続けたい,,住みやすいから,スマートフォン（スマホ）,子どもから高齢者まで安心して教育を受けられるまち,気軽に運動できる場所を増やしてほしい,なし
198,PB00019832,2023-07-14T09:40:24,女性,市外,住民が親切で自然が多い,田舎,２．一度、市を出て、また帰ってきたい,,都会にも行きたいから,スマートフォン（スマホ）,まちなみや景観が美しいまち,子供から大人まで楽しめる公共の場がほしい,ショッピングモールがほしい
197,PB00019762,2023-07-14T09:40:14,男性,市外,桜がきれいなとこ,遊べるとこを多くしてほしい,５．県外に移りたい,大阪,違う場所に行きたい,スマートフォン（スマホ）;テレビ;新聞・雑誌など,スポーツに親しむ環境が整備されたまち;だれもが自由に移動できる交通利便性の高いまち;お店や娯楽施設が豊富で夜でもにぎやかさのあるまち,たくさんの観光客が来る街,とくになし
196,PB00019660,2023-07-14T09:38:28,女性,鯖江（惜陰・進徳小学校区）,大きな自然に溢れている公園(西山公園)があるところ　,イオンがないこと。室内遊び場のようなものがないこと,２．一度、市を出て、また帰ってきたい,,将来やりたい仕事が県外にしかないから。退職したら福井に戻ってきたい,スマートフォン（スマホ）;パソコン,子どもから高齢者まで安心して教育を受けられるまち;だれもが自由に移動できる交通利便性の高いまち;大型商業施設（複合型店舗）があり生活利便性や満足度が高いまち,今よりももう少しだけ栄えてほしい。鯖江の自然が多い町並みが気に入っているので都会のような人口の多すぎるところにはなってほしくないけど、ショッピングセンターとか、娯楽施設は今よりも増えてほしいので、すこしだけ娯楽施設を増やしてほしい。,
195,PB00019555,2023-07-14T09:38:09,女性,神明（神明・鳥羽小学校区）,病院などの福祉環境が整っている,ショッピングモールがない,４．県内の他の市町に移りたい,金沢市,やりたい仕事で働く環境がない,パソコン,子どもから高齢者まで安心して教育を受けられるまち;高度な医療や福祉サービスが充実したまち;安心して結婚・出産・子育てができるまち,,
194,PB00019492,2023-07-14T09:37:36,女性,神明（神明・鳥羽小学校区）,自然が沢山溢れている所。,商店街を作って欲しい所。,２．一度、市を出て、また帰ってきたい,,"家に住んで働いたほうがお金が貯まりそうだから。
",スマートフォン（スマホ）;テレビ;ラジオ,歴史・伝統・芸術・文化を大切にするまち;人々のふれあいやコミュニティ活動が盛んで温かいまち;身近に自然を感じることのできるまち,就職がしやすく働きやすい町。,特にない。
193,PB00019336,2023-07-14T09:36:29,女性,吉川,自然がいっぱいある,"買い物できる場所が少ない
",１．いま住んでる地区にずっと住み続けたい,,今住んでいる場所が住みやすいから,スマートフォン（スマホ）;パソコン,子どもから高齢者まで安心して教育を受けられるまち;人々のふれあいやコミュニティ活動が盛んで温かいまち;身近に自然を感じることのできるまち,,
192,PB00019234,2023-07-14T09:36:24,女性,市外,紫式部公園、中央公園,駅の周りが発展してほしい,２．一度、市を出て、また帰ってきたい,,県外に住んでみたいから,スマートフォン（スマホ）,お店や娯楽施設が豊富で夜でもにぎやかさのあるまち,,
191,PB00019112,2023-07-14T09:35:45,男性,神明（神明・鳥羽小学校区）,"図書館でみんな揃って勉強ができる。
近所の人と仲がいいところ。
","交通手段がなく移動が不便なところ。
友達と遊ぶ場所が少なく行くところがだいたい限られてしまうところ。",１．いま住んでる地区にずっと住み続けたい,,"今住んでいる場所の人が明るく接してくれるから。
事件があまり起きなくて安全な街だから。",スマートフォン（スマホ）;パソコン;タブレット端末,デジタル技術を活用したサービスが充実したまち;大型商業施設（複合型店舗）があり生活利便性や満足度が高いまち;若者や女性に選ばれる魅力のあるまち,"子供から高齢者までが遊べる施設を作って欲しい。
交通の便を良くしてほしい",
190,PB00019026,2023-07-14T09:35:44,男性,市外,自然,なんか楽しそうなもの,５．県外に移りたい,大阪、京都、東京,"将来やりたい仕事が県外にしかないから。
日本の殆どの人がそこにいるから",スマートフォン（スマホ）;タブレット端末;テレビ,デジタル技術を活用したサービスが充実したまち;高度な医療や福祉サービスが充実したまち;子どもから高齢者まで安心して教育を受けられるまち,みんな優しい,ない
189,PB00018941,2023-07-14T09:35:40,女性,市外,自然がたくさん,友だちと遊べる場所が少ない,１．いま住んでる地区にずっと住み続けたい,,住み慣れていて安心できるから,スマートフォン（スマホ）,子どもから高齢者まで安心して教育を受けられるまち;お店や娯楽施設が豊富で夜でもにぎやかさのあるまち;だれもが自由に移動できる交通利便性の高いまち,"市民は医療費0円

有名人に鯖江のメガネをPRしてもらう",
188,PB00018812,2023-07-14T09:35:25,女性,市外,地域の人との仲が良い。,高校生が遊べる場所が少ない。,５．県外に移りたい,大阪府,都会に住みたいから。,スマートフォン（スマホ）;テレビ;タブレット端末,大型商業施設（複合型店舗）があり生活利便性や満足度が高いまち;だれもが自由に移動できる交通利便性の高いまち;人々のふれあいやコミュニティ活動が盛んで温かいまち,,
187,PB00018769,2023-07-14T09:35:15,男性,市外,田んぼだらけ,,１．いま住んでる地区にずっと住み続けたい,,移動するのが面倒だから,スマートフォン（スマホ）,まちなみや景観が美しいまち,,
186,PB00018631,2023-07-14T09:35:01,女性,市外,自習室がある、文房具店と書店とカフェが１つの学習カフェとして経営され、集中して学習に取り組める場所がある,ツツジバスに乗れない（何度もバス停で待っていたら、私を無視して通り過ぎた）,５．県外に移りたい,オーストラリア、東京,自分がやりたいことはQ6で選んだところにしかないから,スマートフォン（スマホ）;タブレット端末,人々のふれあいやコミュニティ活動が盛んで温かいまち,鯖江市は今でも十分素敵な街だと思います,つつじバスのバス停をわかりやすくして、無視しないでほしい
185,PB00018521,2023-07-14T09:34:57,男性,河和田,自然豊かなところ。,遊べる場所が少ないところ。,２．一度、市を出て、また帰ってきたい,,県外の生活を一度だけ経験してみたいから。,スマートフォン（スマホ）;新聞・雑誌など;パソコン,スポーツに親しむ環境が整備されたまち;まちなみや景観が美しいまち;だれもが自由に移動できる交通利便性の高いまち,,
184,PB00018474,2023-07-14T09:34:56,男性,北中山,山が多く湧き水がある,近くに遊べるところがない,２．一度、市を出て、また帰ってきたい,,街の外に出て、今の街の良さを再認識したいから,スマートフォン（スマホ）,スポーツに親しむ環境が整備されたまち;安心して結婚・出産・子育てができるまち;人々のふれあいやコミュニティ活動が盛んで温かいまち,所構わず木を植えよう,変に開拓しないでください
183,PB00018327,2023-07-14T09:34:20,男性,市外,,,２．一度、市を出て、また帰ってきたい,,"県外で仕事のキャリアを積みたいから
今住んでいる場所が住みやすく、落ち着けるから",スマートフォン（スマホ）;テレビ;新聞・雑誌など,まちなみや景観が美しいまち;身近に自然を感じることのできるまち,,
182,PB00018236,2023-07-14T09:34:16,男性,神明（神明・鳥羽小学校区）,西山公園で花見をしたり遊んだりすることができる,テーマパーク等の遊べる場所が少ないこと,５．県外に移りたい,東京,一度都会に出てみたいから,スマートフォン（スマホ）;新聞・雑誌など;パソコン,人々のふれあいやコミュニティ活動が盛んで温かいまち;お店や娯楽施設が豊富で夜でもにぎやかさのあるまち;大型商業施設（複合型店舗）があり生活利便性や満足度が高いまち,"鯖江市が朝と同じくらいに夜もにぎやかな街にしたいです
そのために、お店や娯楽施設を充実させるといいとおもいます。",もう少し道路の整備や、学校等建物の修繕をしてほしいです
181,PB00018187,2023-07-14T09:34:08,男性,市外,自然が沢山,ショッピングモールを建ててほしい,２．一度、市を出て、また帰ってきたい,,県外の大学に行きたいから。,スマートフォン（スマホ）;テレビ,人々のふれあいやコミュニティ活動が盛んで温かいまち;子どもから高齢者まで安心して教育を受けられるまち;若者や女性に選ばれる魅力のあるまち,多くの観光客が訪れるような豊かできれいな場所。,若者から高齢者まで多くの人が楽しめるまちづくりをしてほしい。
180,PB00018053,2023-07-14T09:32:54,女性,市外,街が整っている,もっとお店を作って欲しい,５．県外に移りたい,大阪,大阪で一人暮らししたいから,スマートフォン（スマホ）,まちなみや景観が美しいまち;安心して結婚・出産・子育てができるまち;若者や女性に選ばれる魅力のあるまち,もっといろんなお店を立てて人がたくさん来る街,
179,PB00017972,2023-07-14T09:32:48,男性,市外,,,２．一度、市を出て、また帰ってきたい,,仕事場の都合上移動する必要がある可能性があるから,スマートフォン（スマホ）;新聞・雑誌など;パソコン,安心して結婚・出産・子育てができるまち;産業が盛んで働く場所が充実したまち;大型商業施設（複合型店舗）があり生活利便性や満足度が高いまち,,
178,PB00017853,2023-07-14T09:32:42,女性,市外,近くに図書館があり、勉強ができる。,学校の近くに遊べる場所がない。,５．県外に移りたい,石川県,今住んでいる場所はなにもないから。,スマートフォン（スマホ）,子どもから高齢者まで安心して教育を受けられるまち,みんなが暮らしやすい街になって欲しい。,遊べる場所を増やしてほしい。
177,PB00017735,2023-07-14T09:32:26,女性,市外,勉強できる場所が多いこと,,２．一度、市を出て、また帰ってきたい,,今住んでいるところがいいから,スマートフォン（スマホ）;タブレット端末,歴史・伝統・芸術・文化を大切にするまち;人々のふれあいやコミュニティ活動が盛んで温かいまち;身近に自然を感じることのできるまち,,
176,PB00017612,2023-07-14T09:31:56,男性,吉川,空気がきれいなところ,学校帰りにふらっとよれるいつでもつかえる体育館がないところ,５．県外に移りたい,岡山県,雨が少ないから,スマートフォン（スマホ）,スポーツに親しむ環境が整備されたまち;産業が盛んで働く場所が充実したまち;高度な医療や福祉サービスが充実したまち,スポーツをするのに困らない,鯖江の西番スポーツセンターの屋内のテニスコートが撤去されたので自由にテニスができなくなった。
175,PB00017501,2023-07-14T09:31:54,男性,鯖江（惜陰・進徳小学校区）,田んぼ,なにもないこと,５．県外に移りたい,石川県,今住んでいる場所に何もないから,スマートフォン（スマホ）,大型商業施設（複合型店舗）があり生活利便性や満足度が高いまち,,
174,PB00017490,2023-07-14T09:31:32,男性,豊,自然豊かで静かなところ,交通手段があまりなく、駅が遠い,２．一度、市を出て、また帰ってきたい,,いろんなものがある都会に住んでみたいなと思うから,スマートフォン（スマホ）;テレビ,子どもから高齢者まで安心して教育を受けられるまち;安心して結婚・出産・子育てができるまち;だれもが自由に移動できる交通利便性の高いまち,安全な街がいいです,交通手段があまりなくて少し困ります
173,PB00017361,2023-07-14T09:31:31,男性,市外,自然豊か,歩道が狭いところがある,５．県外に移りたい,静岡県,大学に行きたいから,スマートフォン（スマホ）,デジタル技術を活用したサービスが充実したまち;身近に自然を感じることのできるまち;安心して結婚・出産・子育てができるまち,県外の人や外国人が住み続けたいと思う街,良い市です
172,PB00017231,2023-07-14T09:31:30,男性,市外,景色がいい,ない,１．いま住んでる地区にずっと住み続けたい,,景色がいい,スマートフォン（スマホ）,子どもから高齢者まで安心して教育を受けられるまち,,
171,PB00017141,2023-07-14T09:31:11,男性,鯖江（惜陰・進徳小学校区）,コンビニがところどころにある,バレーやバスケのコートなどを増やしてほしい,２．一度、市を出て、また帰ってきたい,,"こだわりがない
どこでもいい",スマートフォン（スマホ）;タブレット端末;テレビ,スポーツに親しむ環境が整備されたまち;防災対策や防犯対策が十分で安全安心に暮らせるまち,スポーツが活発な,外国人とスポーツして遊びたい
170,PB00017005,2023-07-14T09:31:01,回答しない,神明（神明・鳥羽小学校区）,図書館がある,工場が臭い,２．一度、市を出て、また帰ってきたい,,色んな場所に行きたいから,スマートフォン（スマホ）,スポーツに親しむ環境が整備されたまち,ランドワンを設立,
169,PB00016985,2023-07-14T09:30:48,女性,吉川,自然が多いところ,遊べる場所が少ないところ,２．一度、市を出て、また帰ってきたい,,住みやすいから,スマートフォン（スマホ）;テレビ,まちなみや景観が美しいまち,住んでる人が安心して過ごせる街,
168,PB00016843,2023-07-14T09:30:45,女性,片上,近所付き合いがいい,"友達と遊べる場所を増やしてほしい。
外灯を増やしてほしい
",２．一度、市を出て、また帰ってきたい,,安全で住みやすそうだから,スマートフォン（スマホ）,若者や女性に選ばれる魅力のあるまち;安心して結婚・出産・子育てができるまち;大型商業施設（複合型店舗）があり生活利便性や満足度が高いまち,もっと活性化してほしい,友達と遊べる場所を増やしてほしい
167,PB00016700,2023-07-14T09:30:36,男性,神明（神明・鳥羽小学校区）,静か,遊べるところがほしい,５．県外に移りたい,東京周辺,便利だから,スマートフォン（スマホ）,大型商業施設（複合型店舗）があり生活利便性や満足度が高いまち;地域資源を活かした観光交流が盛んなまち,,
166,PB00016605,2023-07-14T09:30:34,男性,吉川,夏休みに様々な行事がある,ない,５．県外に移りたい,大阪府,やりたいことが見つかりそうだから,スマートフォン（スマホ）,子どもから高齢者まで安心して教育を受けられるまち;地域資源を活かした観光交流が盛んなまち,,
165,PB00016513,2023-07-14T09:30:32,男性,鯖江（惜陰・進徳小学校区）,,遊べるところがない。,５．県外に移りたい,東京,"鯖江は何もなくて面白くないから。
鯖江市ではやりたいことに限りがある",スマートフォン（スマホ）;タブレット端末,スポーツに親しむ環境が整備されたまち;だれもが自由に移動できる交通利便性の高いまち;お店や娯楽施設が豊富で夜でもにぎやかさのあるまち,誰でも利用できる勉強スペースを作る,
164,PB00016406,2023-07-14T09:30:30,女性,鯖江（惜陰・進徳小学校区）,西山公園がある,無駄にドラックストアが多いところ,５．県外に移りたい,京都,県外の生活もしてみたいから,スマートフォン（スマホ）;テレビ,地域資源を活かした観光交流が盛んなまち;だれもが自由に移動できる交通利便性の高いまち;お店や娯楽施設が豊富で夜でもにぎやかさのあるまち,,
163,PB00016343,2023-07-14T09:30:21,男性,市外,近くにベルがある。,コンビニが少ない,５．県外に移りたい,東京,福井が田舎だから。,スマートフォン（スマホ）,子どもから高齢者まで安心して教育を受けられるまち,,
162,PB00016213,2023-07-14T09:30:20,回答しない,市外,自然,田舎,５．県外に移りたい,とうきょう,都会,スマートフォン（スマホ）,大型商業施設（複合型店舗）があり生活利便性や満足度が高いまち,ラウンドワンほしい,学校にゴキブリが出る
161,PB00016137,2023-07-14T09:30:20,男性,豊,田んぼが多い,遊ぶ場所がない,１．いま住んでる地区にずっと住み続けたい,,"住みやすい場所だから
",スマートフォン（スマホ）,子どもから高齢者まで安心して教育を受けられるまち;だれもが自由に移動できる交通利便性の高いまち;人々のふれあいやコミュニティ活動が盛んで温かいまち,,
160,PB00016041,2023-07-14T09:30:12,男性,中河,空気がきれい,遊べる場所がない,２．一度、市を出て、また帰ってきたい,,今とは別な場所に住んでみたいから,スマートフォン（スマホ）;タブレット端末,スポーツに親しむ環境が整備されたまち;お店や娯楽施設が豊富で夜でもにぎやかさのあるまち;まちなみや景観が美しいまち,自然豊かできれいな町,"遊べる場所をつくってほしい
色々な店を建ててほしい
"
159,PB00015995,2023-07-14T09:30:02,女性,市外,車が少なく静か,遊ぶ場所が少ない,５．県外に移りたい,石川県,遊ぶ場所が多いから,スマートフォン（スマホ）;タブレット端末,だれもが自由に移動できる交通利便性の高いまち;お店や娯楽施設が豊富で夜でもにぎやかさのあるまち;大型商業施設（複合型店舗）があり生活利便性や満足度が高いまち,,
158,PB00015841,2023-07-14T09:29:55,女性,市外,スタバがある,特になし,１．いま住んでる地区にずっと住み続けたい,,一人暮らしするお金がないから,パソコン;スマートフォン（スマホ）;タブレット端末,スポーツに親しむ環境が整備されたまち;安心して結婚・出産・子育てができるまち,電車の本数を増やしてほしい,特になし
157,PB00015718,2023-07-14T09:29:53,男性,市外,,,１．いま住んでる地区にずっと住み続けたい,,住みやすい,スマートフォン（スマホ）,子どもから高齢者まで安心して教育を受けられるまち;歴史・伝統・芸術・文化を大切にするまち;スポーツに親しむ環境が整備されたまち,,
156,PB00015670,2023-07-14T09:29:53,女性,鯖江（惜陰・進徳小学校区）,児童館があったり、納涼祭が行われていたりする。,公共交通機関で行ける範囲の遊べる場所や飲食店がほぼない。,１．いま住んでる地区にずっと住み続けたい,,今の生活に特に不便を感じていないから。,パソコン;スマートフォン（スマホ）;テレビ,子どもから高齢者まで安心して教育を受けられるまち;安心して結婚・出産・子育てができるまち;大型商業施設（複合型店舗）があり生活利便性や満足度が高いまち,公共交通機関が発達し、自動車や自転車がなくても市内を移動でき、若者から高齢者までみんなが楽しめるまち。,
155,PB00015564,2023-07-14T09:29:48,女性,立待,近くに公園がある,図書館で勉強するスペースが少ない,５．県外に移りたい,大阪,お店がたくさんあって住みやすそうだから,スマートフォン（スマホ）,大型商業施設（複合型店舗）があり生活利便性や満足度が高いまち;子どもから高齢者まで安心して教育を受けられるまち;防災対策や防犯対策が十分で安全安心に暮らせるまち,若者からお年寄りまで安心してすみ続けられる街になるといいなと思います,
154,PB00015469,2023-07-14T09:29:47,女性,中河,公民館の利用がしやすい,"遊べる場所が少ない
",５．県外に移りたい,石川、関西,街が発展していて住みやすそうだから,スマートフォン（スマホ）;タブレット端末;パソコン,防災対策や防犯対策が十分で安全安心に暮らせるまち;大型商業施設（複合型店舗）があり生活利便性や満足度が高いまち;だれもが自由に移動できる交通利便性の高いまち,もっと発展した街にしてほしい,もっと電車の運行時間を多くして交通移動がしやすいようにしてほしい
153,PB00015337,2023-07-14T09:29:38,男性,神明（神明・鳥羽小学校区）,大きな公園がある,特になし,１．いま住んでる地区にずっと住み続けたい,,今住んでいる街が落ち着いているから,パソコン;スマートフォン（スマホ）;タブレット端末,子どもから高齢者まで安心して教育を受けられるまち;まちなみや景観が美しいまち;個性を尊重し多様なライフスタイルが実現できるまち,特になし,特になし
152,PB00015253,2023-07-14T09:29:36,男性,新横江（鯖江東小学校区）,,"鯖江駅前のタイルが滑りやすいので変えてほしい
イオンモールの建設、それが叶わないなら商店街を盛り上げてほしい",１．いま住んでる地区にずっと住み続けたい,,都会には住みたくないから,スマートフォン（スマホ）;パソコン;新聞・雑誌など,大型商業施設（複合型店舗）があり生活利便性や満足度が高いまち;防災対策や防犯対策が十分で安全安心に暮らせるまち;産業が盛んで働く場所が充実したまち,イオンモール,youtubeの広告で選挙活動をするのはいいが、もう少し関心を持てる内容にしてほしい
151,PB00015199,2023-07-14T09:29:16,女性,神明（神明・鳥羽小学校区）,近所に桜の木が多くお花見ができるところ,遊べる施設が少ないのでなにか低予算で楽しめる企画を考えてほしい,５．県外に移りたい,兵庫県の宝塚市、京都府,"宝塚が好きですぐに観劇に行ける距離に住みたいから
和を感じられる場所に住みたいから京都が好きだから",スマートフォン（スマホ）;テレビ;新聞・雑誌など,歴史・伝統・芸術・文化を大切にするまち;個性を尊重し多様なライフスタイルが実現できるまち;防災対策や防犯対策が十分で安全安心に暮らせるまち,安心して暮らせる街にしたい,"次世代に借金の支払いを任せるのは辞めてほしい
"
150,PB00015081,2023-07-14T09:29:05,男性,神明（神明・鳥羽小学校区）,いろんな道で走れる,バスが運行する時間が遅い,５．県外に移りたい,東京,鯖江になにもないから,スマートフォン（スマホ）,スポーツに親しむ環境が整備されたまち;だれもが自由に移動できる交通利便性の高いまち,みんなが笑顔でいる街,東公園陸上競技場の器具が壊れているので新しくしてほしいです。
149,PB00014936,2023-07-14T09:28:44,男性,鯖江（惜陰・進徳小学校区）,"自然が多く、空気や景色が綺麗
",遊べる場所が少ない,５．県外に移りたい,京都府,住みやすそうだから,パソコン;スマートフォン（スマホ）;テレビ,まちなみや景観が美しいまち;歴史・伝統・芸術・文化を大切にするまち;だれもが自由に移動できる交通利便性の高いまち,,
148,PB00014827,2023-07-14T09:28:41,男性,鯖江（惜陰・進徳小学校区）,買い物がしやすい,もっと遊べるようなところがほしい,５．県外に移りたい,京都か北陸三県,県外で住んでみたいしかし福井県から離れすぎるのも嫌だ,パソコン;スマートフォン（スマホ）;テレビ,子どもから高齢者まで安心して教育を受けられるまち;高度な医療や福祉サービスが充実したまち;大型商業施設（複合型店舗）があり生活利便性や満足度が高いまち,もっと遊べるところがある街,鯖江クリーンセンターの問題を早くどうにかして
147,PB00014724,2023-07-14T09:28:39,女性,市外,自然がいっぱい,,５．県外に移りたい,まだ決めていない,将来学びたい学問が県外にしかないから。,スマートフォン（スマホ）,歴史・伝統・芸術・文化を大切にするまち;大型商業施設（複合型店舗）があり生活利便性や満足度が高いまち;安心して結婚・出産・子育てができるまち,,
146,PB00014615,2023-07-14T09:28:24,男性,市外,みんなやさしい,無料で使える体育館がほしい,５．県外に移りたい,大阪か京都,もっと多くの人と関わりたいから,スマートフォン（スマホ）;タブレット端末;テレビ,若者や女性に選ばれる魅力のあるまち,LDHが街を良くする,電車をもっと走らせてほしい
145,PB00014586,2023-07-14T09:28:22,男性,鯖江（惜陰・進徳小学校区）,俺がいること,高齢化の伴う人口の現象,１．いま住んでる地区にずっと住み続けたい,,地元盛り上げてhood starになるため,パソコン;テレビ;その他,子どもから高齢者まで安心して教育を受けられるまち;まちなみや景観が美しいまち;地域資源を活かした観光交流が盛んなまち,"住民税を安くして住みやすい形にする
地元愛の強い国にする",税金安くして安月給の若者の住みやすい街にしろ。さらにへるぞ
144,PB00014430,2023-07-14T09:28:20,女性,市外,公園が沢山ある,テーマパークを増やすべきだと思う。,５．県外に移りたい,愛知県,色々融通が利きそうだから,パソコン;スマートフォン（スマホ）;テレビ,若者や女性に選ばれる魅力のあるまち;お店や娯楽施設が豊富で夜でもにぎやかさのあるまち,住みたい街ランキング一位に選ばれたらいいと思う,
143,PB00014386,2023-07-14T09:28:09,女性,立待,小さな子が遊べる場所が身の回りにあるところ,バスなどが使いづらい,５．県外に移りたい,東京都,大きな企業が県外に多いから,パソコン;スマートフォン（スマホ）;タブレット端末,子どもから高齢者まで安心して教育を受けられるまち;人々のふれあいやコミュニティ活動が盛んで温かいまち;個性を尊重し多様なライフスタイルが実現できるまち,色々な個性を持っていて、それぞれを尊重し会えるような人たちであふれる市,
142,PB00014222,2023-07-14T09:27:25,女性,吉川,コウノトリが普通にいる,バスの数が少なく不便,５．県外に移りたい,,なにかと不便が多い,スマートフォン（スマホ）,安心して結婚・出産・子育てができるまち,,
141,PB00014184,2023-07-14T09:27:16,男性,鯖江（惜陰・進徳小学校区）,特にない,もう少し遊べる場所を増やしてほしい,２．一度、市を出て、また帰ってきたい,,大学に行く可能性があるから,パソコン;スマートフォン（スマホ）;テレビ,産業が盛んで働く場所が充実したまち;若者や女性に選ばれる魅力のあるまち;防災対策や防犯対策が十分で安全安心に暮らせるまち,,
140,PB00014086,2023-07-14T09:27:11,男性,市外,自然豊か,なし,１．いま住んでる地区にずっと住み続けたい,,今住んでいる場所に特に不満を感じていないから,パソコン;スマートフォン（スマホ）;テレビ,まちなみや景観が美しいまち;だれもが自由に移動できる交通利便性の高いまち;防災対策や防犯対策が十分で安全安心に暮らせるまち,みんな安全に住むことができる街,なし
139,PB00013920,2023-07-14T09:27:04,回答しない,市外,,,５．県外に移りたい,関西の方,方言かわいい,スマートフォン（スマホ）;パソコン;タブレット端末,子どもから高齢者まで安心して教育を受けられるまち;高度な医療や福祉サービスが充実したまち;人々のふれあいやコミュニティ活動が盛んで温かいまち,,
138,PB00013872,2023-07-14T09:26:50,女性,吉川,自然,遊べる場所が少ない,５．県外に移りたい,神戸,ほどよく都会だから,スマートフォン（スマホ）,人々のふれあいやコミュニティ活動が盛んで温かいまち;身近に自然を感じることのできるまち;お店や娯楽施設が豊富で夜でもにぎやかさのあるまち,お店がいっぱいできてほしい,遊べる場所がない
137,PB00013792,2023-07-14T09:26:35,男性,鯖江（惜陰・進徳小学校区）,ない,車が必須なぐらい施設が少ないので車を持っていないとできることが限られること,５．県外に移りたい,関東地方,鯖江市が不便だから,スマートフォン（スマホ）;パソコン,安心して結婚・出産・子育てができるまち;だれもが自由に移動できる交通利便性の高いまち,便利になって欲しい,無駄な施設ばっかり作らないでほしい
136,PB00013656,2023-07-14T09:26:29,男性,市外,,,１．いま住んでる地区にずっと住み続けたい,,他にいいところがなさそうだから,スマートフォン（スマホ）,スポーツに親しむ環境が整備されたまち;お店や娯楽施設が豊富で夜でもにぎやかさのあるまち,,
135,PB00013550,2023-07-14T09:26:27,男性,中河,自然,田舎,５．県外に移りたい,隣県,新しい場所に行きたいから,パソコン;スマートフォン（スマホ）,子どもから高齢者まで安心して教育を受けられるまち,住みやすい街になって欲しい,
134,PB00013459,2023-07-14T09:26:18,男性,鯖江（惜陰・進徳小学校区）,近くにコンビニがある,イオンがない,１．いま住んでる地区にずっと住み続けたい,,住みやすい静か,スマートフォン（スマホ）;テレビ;パソコン,お店や娯楽施設が豊富で夜でもにぎやかさのあるまち,もっとにぎやかな街にする,もっとお金を使って発展させる
133,PB00013352,2023-07-14T09:26:12,男性,鯖江（惜陰・進徳小学校区）,,,２．一度、市を出て、また帰ってきたい,,色んな場所に行ってみたいから,スマートフォン（スマホ）,子どもから高齢者まで安心して教育を受けられるまち,,
132,PB00013250,2023-07-14T09:26:10,女性,鯖江（惜陰・進徳小学校区）,犬の散歩がいっぱいできる。,遊べる場所が少ない。,５．県外に移りたい,愛知県,兄も愛知県に住むから,スマートフォン（スマホ）;パソコン,スポーツに親しむ環境が整備されたまち;だれもが自由に移動できる交通利便性の高いまち;お店や娯楽施設が豊富で夜でもにぎやかさのあるまち,,
131,PB00013109,2023-07-14T09:25:49,男性,市外,街の雰囲気が穏やか。,遊べる場所がない,２．一度、市を出て、また帰ってきたい,,他のところにも行ってみたいから。,パソコン;スマートフォン（スマホ）;テレビ,まちなみや景観が美しいまち;お店や娯楽施設が豊富で夜でもにぎやかさのあるまち;デジタル技術を活用したサービスが充実したまち,,
130,PB00013049,2023-07-14T09:25:33,女性,市外,ちょうどいい田舎で、遊ぶ場所には困らないくらいのところ,特にありません,１．いま住んでる地区にずっと住み続けたい,,住み慣れた場所だから,スマートフォン（スマホ）;パソコン;テレビ,大型商業施設（複合型店舗）があり生活利便性や満足度が高いまち;お店や娯楽施設が豊富で夜でもにぎやかさのあるまち;個性を尊重し多様なライフスタイルが実現できるまち,もっと有名になって沢山の人が集まるように、たくさんの宣伝などを行っていくといいと思います。,特にありません
129,PB00012909,2023-07-14T09:25:33,女性,神明（神明・鳥羽小学校区）,住みやすい、犯罪が少ない。,"移動に使う交通手段があまり多くないため、県外に出かけるときに不便。
県外に出かけようと思ってもお金が多くかかる。",５．県外に移りたい,東京都,鯖江市内では、自分の欲しい物が手に入りにくかったり、県外に出かけようにもお金が多くかかってしまうため。,スマートフォン（スマホ）;タブレット端末,防災対策や防犯対策が十分で安全安心に暮らせるまち;安心して結婚・出産・子育てができるまち,,
128,PB00012858,2023-07-14T09:25:30,男性,市外,,若者が楽しめるところがない,５．県外に移りたい,大阪　京都　静岡　東京,楽しそう,パソコン;スマートフォン（スマホ）,子どもから高齢者まで安心して教育を受けられるまち;まちなみや景観が美しいまち;歴史・伝統・芸術・文化を大切にするまち,,
127,PB00012760,2023-07-14T09:25:27,男性,豊,挨拶をしたら挨拶が返って来ること,坂道が多い,２．一度、市を出て、また帰ってきたい,,自然が好きだから,スマートフォン（スマホ）;パソコン;テレビ,まちなみや景観が美しいまち;身近に自然を感じることのできるまち;人々のふれあいやコミュニティ活動が盛んで温かいまち,,
126,PB00012697,2023-07-14T09:25:26,女性,吉川,車通りが少なめだから住宅街の道路で子供が運動できる,遊べる施設を増やして、一箇所に固めないでほしい。,５．県外に移りたい,,色んなところで人生経験を積みたいから。,スマートフォン（スマホ）,地域資源を活かした観光交流が盛んなまち;スポーツに親しむ環境が整備されたまち;安心して結婚・出産・子育てができるまち,,
125,PB00012504,2023-07-14T09:25:19,女性,鯖江（惜陰・進徳小学校区）,自然がたくさんある,遊ぶ場所が少ない,１．いま住んでる地区にずっと住み続けたい,,今住んでいるところが好きだから,スマートフォン（スマホ）,子どもから高齢者まで安心して教育を受けられるまち,子供がたくさんいる街,特にない
124,PB00012463,2023-07-14T09:25:13,男性,吉川,地区のイベントが多く、地域の人々はとても親切で協力的なところ,"少しでも新しい施設が建ってほしいです
遊べる場所が少ないからです",１．いま住んでる地区にずっと住み続けたい,,この町は治安がよく、平和な日々を過ごせる安心な町だからです,パソコン;スマートフォン（スマホ）;テレビ,子どもから高齢者まで安心して教育を受けられるまち;スポーツに親しむ環境が整備されたまち;身近に自然を感じることのできるまち,平和な町を維持できてほしいです,
123,PB00012396,2023-07-14T09:25:06,女性,市外,,,４．県内の他の市町に移りたい,,他の場所にも行ってみたいから,スマートフォン（スマホ）,まちなみや景観が美しいまち;歴史・伝統・芸術・文化を大切にするまち;人々のふれあいやコミュニティ活動が盛んで温かいまち,,
122,PB00012215,2023-07-14T09:25:02,男性,豊,堤防の近くの花壇がとてもきれい,遊ぶ場所が少ない,２．一度、市を出て、また帰ってきたい,,住んでいる場所が快適だから,スマートフォン（スマホ）;テレビ,スポーツに親しむ環境が整備されたまち;だれもが自由に移動できる交通利便性の高いまち;お店や娯楽施設が豊富で夜でもにぎやかさのあるまち,,
121,PB00012180,2023-07-14T09:25:00,女性,北中山,自然が多い,遊べる場所少ない,２．一度、市を出て、また帰ってきたい,,違う場所へ住んでみたいから,スマートフォン（スマホ）;パソコン;タブレット端末,まちなみや景観が美しいまち;産業が盛んで働く場所が充実したまち;お店や娯楽施設が豊富で夜でもにぎやかさのあるまち,不便が少ない町,特になし
120,PB00012009,2023-07-14T09:24:51,女性,市外,山も海もありとてもきれい。,,５．県外に移りたい,大阪府,自分がいきたい学校が大阪にあるから。,スマートフォン（スマホ）;パソコン,まちなみや景観が美しいまち,,
119,PB00011900,2023-07-14T09:24:50,男性,吉川,自然豊か,遊べる場所が少ない,１．いま住んでる地区にずっと住み続けたい,,今住んでいる場所が住みやすいから,パソコン;スマートフォン（スマホ）,子どもから高齢者まで安心して教育を受けられるまち;安心して結婚・出産・子育てができるまち;人々のふれあいやコミュニティ活動が盛んで温かいまち,,
118,PB00011890,2023-07-14T09:24:40,男性,吉川,"コウノトリが巣をつくっている
メガネ
若者が積極的",遊べるような施設が少ない,２．一度、市を出て、また帰ってきたい,,鯖江が好きだから,スマートフォン（スマホ）;テレビ;新聞・雑誌など,安心して結婚・出産・子育てができるまち;産業が盛んで働く場所が充実したまち;お店や娯楽施設が豊富で夜でもにぎやかさのあるまち,家族で楽しめる大きな施設とホテルがある街,全国から有名な人を呼んでコンサートなどを開いて欲しい
117,PB00011762,2023-07-14T09:24:39,男性,市外,自然が豊か,ない,５．県外に移りたい,東京,将来県外で行きたい,スマートフォン（スマホ）,スポーツに親しむ環境が整備されたまち;産業が盛んで働く場所が充実したまち;大型商業施設（複合型店舗）があり生活利便性や満足度が高いまち,きれい,
116,PB00011693,2023-07-14T09:24:38,男性,鯖江（惜陰・進徳小学校区）,治安がいい,バスが少ない,５．県外に移りたい,福岡県,実家があるから,スマートフォン（スマホ）;タブレット端末,まちなみや景観が美しいまち;高度な医療や福祉サービスが充実したまち;だれもが自由に移動できる交通利便性の高いまち,福井市から県庁所在地奪取,がんばれ
115,PB00011538,2023-07-14T09:24:37,女性,中河,公民館で勉強ができる。,友達と遊べる場所が少ない。,２．一度、市を出て、また帰ってきたい,,住みやすいから。,スマートフォン（スマホ）;パソコン,まちなみや景観が美しいまち;お店や娯楽施設が豊富で夜でもにぎやかさのあるまち,,
114,PB00011496,2023-07-14T09:24:32,男性,立待,ゲンキーがある,遊ぶところが少ない,５．県外に移りたい,京都府,京都府が好きだから,スマートフォン（スマホ）;テレビ;新聞・雑誌など,お店や娯楽施設が豊富で夜でもにぎやかさのあるまち;大型商業施設（複合型店舗）があり生活利便性や満足度が高いまち,他県のひとで賑わってほしい,ショッピング施設を増やしてほしい
113,PB00011389,2023-07-14T09:24:28,男性,鯖江（惜陰・進徳小学校区）,図書館が近くにある,遊べるところが少ない,１．いま住んでる地区にずっと住み続けたい,,住みやすいから,パソコン;スマートフォン（スマホ）;テレビ,安心して結婚・出産・子育てができるまち;だれもが自由に移動できる交通利便性の高いまち;お店や娯楽施設が豊富で夜でもにぎやかさのあるまち,,
112,PB00011259,2023-07-14T09:24:27,女性,市外,"地域の人と繋がれる機会があったからみんな顔見知りで仲良し
",遊べるところがほしい（体育館,５．県外に移りたい,大阪とか東京とかの都会,"いろんな出会いがありそうだから
",スマートフォン（スマホ）;テレビ,お店や娯楽施設が豊富で夜でもにぎやかさのあるまち;大型商業施設（複合型店舗）があり生活利便性や満足度が高いまち;安心して結婚・出産・子育てができるまち,,
111,PB00011130,2023-07-14T09:24:24,男性,吉川,田んぼ,娯楽,５．県外に移りたい,関西,娯楽があるから,スマートフォン（スマホ）,スポーツに親しむ環境が整備されたまち;デジタル技術を活用したサービスが充実したまち,遊園地,ない
110,PB00011059,2023-07-14T09:23:49,男性,市外,自然を感じられる,ない,１．いま住んでる地区にずっと住み続けたい,,県内でやりたい仕事があるから,スマートフォン（スマホ）,スポーツに親しむ環境が整備されたまち,,
109,PB00010924,2023-07-14T09:23:43,女性,新横江（鯖江東小学校区）,田んぼや山に囲まれているところ,"友達と遊べる時間が少ない
交通機関の便が変わってほしい",５．県外に移りたい,大阪、東京、愛知、横浜、奈良,奈良に住んでいたことがあり、将来都会に戻りたいと思っているから。,パソコン;スマートフォン（スマホ）;テレビ,子どもから高齢者まで安心して教育を受けられるまち;歴史・伝統・芸術・文化を大切にするまち;まちなみや景観が美しいまち,都会に少しでも近づいたらいいなと思う。,"イオンモールを作って欲しい。
"
108,PB00010889,2023-07-14T09:23:42,女性,市外,駄菓子屋がある,バスが少ない,５．県外に移りたい,東京,田舎だから,スマートフォン（スマホ）,身近に自然を感じることのできるまち,,
107,PB00010710,2023-07-14T09:23:28,男性,市外,海,遊ぶ場所が少ない,２．一度、市を出て、また帰ってきたい,,住みやすい,スマートフォン（スマホ）,子どもから高齢者まで安心して教育を受けられるまち,ない,ない
106,PB00010677,2023-07-14T09:23:12,男性,吉川,自然豊か,特になし,１．いま住んでる地区にずっと住み続けたい,,今住んでいる場所が住みやすいから,パソコン;スマートフォン（スマホ）,子どもから高齢者まで安心して教育を受けられるまち;安心して結婚・出産・子育てができるまち;人々のふれあいやコミュニティ活動が盛んで温かいまち,,
105,PB00010575,2023-07-14T09:23:11,男性,市外,自然豊か,商業施設を増やしてほしい,５．県外に移りたい,東京,便利だから,パソコン;スマートフォン（スマホ）;タブレット端末,子どもから高齢者まで安心して教育を受けられるまち,みんなメガネ,
104,PB00010415,2023-07-14T09:22:57,男性,鯖江（惜陰・進徳小学校区）,交通の便が良い,大型ショッピングモールが少ない,１．いま住んでる地区にずっと住み続けたい,,住んでいる場所に不満が少ないから,パソコン;スマートフォン（スマホ）;テレビ,デジタル技術を活用したサービスが充実したまち;子どもから高齢者まで安心して教育を受けられるまち;高度な医療や福祉サービスが充実したまち,,
103,PB00010338,2023-07-14T09:22:50,男性,立待,静かでのどか,大型のショッピングモールがない,２．一度、市を出て、また帰ってきたい,,都会にも住んでみたいから,スマートフォン（スマホ）,身近に自然を感じることのできるまち,,
102,PB00010275,2023-07-14T09:22:48,男性,市外,,,５．県外に移りたい,,ｑ,スマートフォン（スマホ）,デジタル技術を活用したサービスが充実したまち;防災対策や防犯対策が十分で安全安心に暮らせるまち,,
101,PB00010106,2023-07-14T09:22:47,男性,立待,"静か
運動できる場所がある",少し移動しないと買い物ができない,２．一度、市を出て、また帰ってきたい,,住みやすい,パソコン;スマートフォン（スマホ）;タブレット端末,子どもから高齢者まで安心して教育を受けられるまち;まちなみや景観が美しいまち;スポーツに親しむ環境が整備されたまち,施設の充実した田舎,特になし
100,PB00010073,2023-07-14T09:22:43,回答しない,新横江（鯖江東小学校区）,静か,,２．一度、市を出て、また帰ってきたい,,いろんなところに行きたい,スマートフォン（スマホ）,まちなみや景観が美しいまち;安心して結婚・出産・子育てができるまち,,
99,PB00009976,2023-07-14T09:22:40,女性,市外,"自然がいい
住みやすい","FamilyMartが多すぎる！！！！！
どこ行ってもファミマ！
セブンイレブン、ローソン、ミニストップをもっと増やしてほしいです。（笑）",５．県外に移りたい,都会,夢がある,スマートフォン（スマホ）;携帯電話（スマートフォン以外）;タブレット端末,スポーツに親しむ環境が整備されたまち;人々のふれあいやコミュニティ活動が盛んで温かいまち;お店や娯楽施設が豊富で夜でもにぎやかさのあるまち,ない,特にない
98,PB00009823,2023-07-14T09:22:33,女性,市外,,,５．県外に移りたい,京都,都会に行きたいから,スマートフォン（スマホ）;タブレット端末,だれもが自由に移動できる交通利便性の高いまち;子どもから高齢者まで安心して教育を受けられるまち,,
97,PB00009741,2023-07-14T09:22:23,男性,北中山,"公民館に一年中利用できる自習室がある
",バスの来る間隔があきすぎる,５．県外に移りたい,大阪府、京都府、石川県,県外に住んでみたいから,スマートフォン（スマホ）,お店や娯楽施設が豊富で夜でもにぎやかさのあるまち;若者や女性に選ばれる魅力のあるまち;大型商業施設（複合型店舗）があり生活利便性や満足度が高いまち,特になし,特になし
96,PB00009617,2023-07-14T09:22:19,男性,鯖江（惜陰・進徳小学校区）,食べ物の店が多い,特になし,１．いま住んでる地区にずっと住み続けたい,,住みやすいから,スマートフォン（スマホ）,子どもから高齢者まで安心して教育を受けられるまち,特になし,特になし
95,PB00009560,2023-07-14T09:22:18,男性,市外,駅が近い,遊べるとこがほしい,５．県外に移りたい,大阪府,都会に憧れがある,スマートフォン（スマホ）;テレビ;パソコン,歴史・伝統・芸術・文化を大切にするまち;大型商業施設（複合型店舗）があり生活利便性や満足度が高いまち;お店や娯楽施設が豊富で夜でもにぎやかさのあるまち,,
94,PB00009477,2023-07-14T09:22:06,女性,立待,地区のイベントがある,もっと遊べる場所がほしい,１．いま住んでる地区にずっと住み続けたい,,住み慣れているから,スマートフォン（スマホ）,まちなみや景観が美しいまち;お店や娯楽施設が豊富で夜でもにぎやかさのあるまち,にぎやかになる,特になし
93,PB00009378,2023-07-14T09:22:05,女性,神明（神明・鳥羽小学校区）,小さい規模だけどまつりなどが行われること,"友だちと遊べる場所が増えてほしい
",２．一度、市を出て、また帰ってきたい,,住みやすい地域で安心するから,スマートフォン（スマホ）;テレビ;パソコン,子どもから高齢者まで安心して教育を受けられるまち;地域資源を活かした観光交流が盛んなまち;人々のふれあいやコミュニティ活動が盛んで温かいまち,人々が買い物などを好きなようにできるショッピングモールなどを作りより多くの人が鯖江市に住んでもらえるようにする,自然が豊かなところはそのままの景観を保ってほしい
92,PB00009244,2023-07-14T09:21:50,男性,神明（神明・鳥羽小学校区）,スーパーがある,遊ぶ場所が少ない,４．県内の他の市町に移りたい,福井市,鯖江は何もない,スマートフォン（スマホ）,人々のふれあいやコミュニティ活動が盛んで温かいまち,ない,給付金くれ
91,PB00009158,2023-07-14T09:21:48,女性,鯖江（惜陰・進徳小学校区）,自然豊かで、周りに割となんでもある。,遊べる場所がない。,５．県外に移りたい,大阪府、愛知県,行きたい専門学校があるから。,スマートフォン（スマホ）;タブレット端末;パソコン,だれもが自由に移動できる交通利便性の高いまち;子どもから高齢者まで安心して教育を受けられるまち;歴史・伝統・芸術・文化を大切にするまち,街がもっとにぎやかになって欲しい。,特になし。
90,PB00009010,2023-07-14T09:21:36,女性,市外,,,５．県外に移りたい,大阪府,将来やりたい仕事が県外にしかないから,スマートフォン（スマホ）,歴史・伝統・芸術・文化を大切にするまち;地域資源を活かした観光交流が盛んなまち;だれもが自由に移動できる交通利便性の高いまち,,
89,PB00008963,2023-07-14T09:21:23,男性,鯖江（惜陰・進徳小学校区）,近所の人達との付き合いがいいこと,特にない,２．一度、市を出て、また帰ってきたい,,他の県で仕事をしてみたいから,パソコン;スマートフォン（スマホ）;テレビ,人々のふれあいやコミュニティ活動が盛んで温かいまち,,
88,PB00008854,2023-07-14T09:21:19,男性,市外,人が優しい,高校までの道が狭い,５．県外に移りたい,東京都,色々発見できることが多いと思うから,パソコン;スマートフォン（スマホ）;新聞・雑誌など,まちなみや景観が美しいまち,特にない,特にない
87,PB00008772,2023-07-14T09:21:17,女性,鯖江（惜陰・進徳小学校区）,高めにあるから津波の心配がない,ドンキやスタバがない,５．県外に移りたい,東京,都会だから,スマートフォン（スマホ）,子どもから高齢者まで安心して教育を受けられるまち,イオンを作る,
86,PB00008640,2023-07-14T09:21:14,男性,鯖江（惜陰・進徳小学校区）,自然が豊かなところ,遊べる場所が少ない,２．一度、市を出て、また帰ってきたい,,県外にも住んでみたいから,パソコン;スマートフォン（スマホ）;タブレット端末,スポーツに親しむ環境が整備されたまち,運動する人が多くいるところにしたい,特にない
85,PB00008589,2023-07-14T09:21:10,女性,鯖江（惜陰・進徳小学校区）,,遊ぶところがない,５．県外に移りたい,名古屋、東京,もともと住んでいたから,スマートフォン（スマホ）,人々のふれあいやコミュニティ活動が盛んで温かいまち;まちなみや景観が美しいまち;お店や娯楽施設が豊富で夜でもにぎやかさのあるまち,,
84,PB00008491,2023-07-14T09:21:05,男性,市外,"


自然豊か",,１．いま住んでる地区にずっと住み続けたい,,"


今住んでいる街が住みやすい",スマートフォン（スマホ）,まちなみや景観が美しいまち;地域資源を活かした観光交流が盛んなまち;身近に自然を感じることのできるまち,"


男女平等","

"
83,PB00008376,2023-07-14T09:21:03,女性,市外,まつりがあること。,遊ぶ場所を増やしてほしい,５．県外に移りたい,佐賀,他の県に住んでみたいから,スマートフォン（スマホ）,高度な医療や福祉サービスが充実したまち;大型商業施設（複合型店舗）があり生活利便性や満足度が高いまち;防災対策や防犯対策が十分で安全安心に暮らせるまち,住みやすい街,遊べる場所がほしい
82,PB00008234,2023-07-14T09:20:15,男性,神明（神明・鳥羽小学校区）,ちょっと発展している,"遊ぶ場所がない
遊び尽くした",５．県外に移りたい,関西,なんでもあり便利だから,スマートフォン（スマホ）,安心して結婚・出産・子育てができるまち;個性を尊重し多様なライフスタイルが実現できるまち;お店や娯楽施設が豊富で夜でもにぎやかさのあるまち,イオンモール,市の議員がおじさんだらけ
81,PB00008171,2023-07-14T09:20:10,男性,市外,川,ない,５．県外に移りたい,東京,モノにあふれているから,スマートフォン（スマホ）,まちなみや景観が美しいまち,なし,なし
80,PB00008050,2023-07-14T09:20:09,女性,鯖江（惜陰・進徳小学校区）,スーパーや、薬局などがたくさんあって便利なこと,遊ぶ場所がない,５．県外に移りたい,兵庫県,地元が兵庫だから。,スマートフォン（スマホ）;タブレット端末,歴史・伝統・芸術・文化を大切にするまち;スポーツに親しむ環境が整備されたまち;だれもが自由に移動できる交通利便性の高いまち,特にない,"交通機関を増やしてほしい。
遊べるところがほしい。"
79,PB00007984,2023-07-14T09:19:58,男性,市外,ない,遊ぶところが少ない,５．県外に移りたい,京都,住みやすそうだから,スマートフォン（スマホ）,デジタル技術を活用したサービスが充実したまち,遊ぶ施設が増える,
78,PB00007894,2023-07-14T09:19:57,男性,神明（神明・鳥羽小学校区）,周りに比べて土地が高く眺めがいい　緑に囲まれている,楽しめる場所を作って欲しい,５．県外に移りたい,愛知県,地元に帰って働きたいから,パソコン;スマートフォン（スマホ）;携帯電話（スマートフォン以外）,スポーツに親しむ環境が整備されたまち;大型商業施設（複合型店舗）があり生活利便性や満足度が高いまち;防災対策や防犯対策が十分で安全安心に暮らせるまち,鯖江市にしかない店やメガネのように食べ物でももっと有名なところになって欲しい,
77,PB00007741,2023-07-14T09:19:55,女性,吉川,自然が豊か,遊ぶところが少ない,４．県内の他の市町に移りたい,越前,遊ぶとこが多い,スマートフォン（スマホ）,だれもが自由に移動できる交通利便性の高いまち;子どもから高齢者まで安心して教育を受けられるまち;まちなみや景観が美しいまち,安心安全,
76,PB00007672,2023-07-14T09:19:37,女性,市外,自然に囲まれている。動物がたくさん出る。,特にない。,５．県外に移りたい,大阪府,行きたい専門学校が大阪にあるから。,スマートフォン（スマホ）;タブレット端末;パソコン,子どもから高齢者まで安心して教育を受けられるまち;お店や娯楽施設が豊富で夜でもにぎやかさのあるまち;防災対策や防犯対策が十分で安全安心に暮らせるまち,メガネの街としてもっと有名になる。,特になし。
75,PB00007571,2023-07-14T09:19:31,男性,市外,自然が豊富で、すごしやすくて、田舎。,鯖江高校の位置が悪すぎる。,２．一度、市を出て、また帰ってきたい,,県外に行ってみたいという気持ちもあるし、福井に居てもいいと思うこともあるから。,スマートフォン（スマホ）,スポーツに親しむ環境が整備されたまち;お店や娯楽施設が豊富で夜でもにぎやかさのあるまち;身近に自然を感じることのできるまち,,
74,PB00007418,2023-07-14T09:19:13,女性,市外,周りは緑が多く、自然が豊かであるところ,遊べる場所が少ない,２．一度、市を出て、また帰ってきたい,,今住んでいる場所が落ち着くから,パソコン;スマートフォン（スマホ）;テレビ,まちなみや景観が美しいまち;だれもが自由に移動できる交通利便性の高いまち;大型商業施設（複合型店舗）があり生活利便性や満足度が高いまち,人が多くてにぎやか,お店が多いと良き
73,PB00007333,2023-07-14T09:18:28,女性,市外,田舎なところ,ゴミが多い,１．いま住んでる地区にずっと住み続けたい,,安心できるから,パソコン;タブレット端末,子どもから高齢者まで安心して教育を受けられるまち;歴史・伝統・芸術・文化を大切にするまち;安心して結婚・出産・子育てができるまち,ゴミが無くなると良いです。,選挙活動頑張って下さい。
72,PB00007291,2023-07-14T09:18:19,男性,市外,とくにない,とくにない,１．いま住んでる地区にずっと住み続けたい,,なんとなく,スマートフォン（スマホ）;タブレット端末,子どもから高齢者まで安心して教育を受けられるまち,いろんな人が住める、いい街であったらいいと思う,がんばれ
71,PB00007124,2023-07-14T09:18:18,男性,市外,自然がたくさんある,特にない,１．いま住んでる地区にずっと住み続けたい,,住んでいる場所で不便に感じることがないから,スマートフォン（スマホ）;タブレット端末;パソコン,子どもから高齢者まで安心して教育を受けられるまち;歴史・伝統・芸術・文化を大切にするまち;安心して結婚・出産・子育てができるまち,,
70,PB00007058,2023-07-14T09:18:04,男性,鯖江（惜陰・進徳小学校区）,近くに飲食店が多いところ,道路がガタガタ,５．県外に移りたい,北海道,地元で仕事をしたいから,スマートフォン（スマホ）,お店や娯楽施設が豊富で夜でもにぎやかさのあるまち;若者や女性に選ばれる魅力のあるまち;人々のふれあいやコミュニティ活動が盛んで温かいまち,ショッピングモールがほしい,住みづらい
69,PB00006946,2023-07-14T09:17:54,回答しない,市外,自然が沢山,遊べる場所が少ない,１．いま住んでる地区にずっと住み続けたい,,住みやすい,スマートフォン（スマホ）,子どもから高齢者まで安心して教育を受けられるまち;大型商業施設（複合型店舗）があり生活利便性や満足度が高いまち,ぜんせだいがしみやす街,サービスを増やしてほしい
68,PB00006899,2023-07-14T09:17:30,女性,鯖江（惜陰・進徳小学校区）,自然が豊か,"遊べるところが少ない
電車の利用がしにくい、高い",５．県外に移りたい,大阪,地元だから,スマートフォン（スマホ）,だれもが自由に移動できる交通利便性の高いまち,,
67,PB00006760,2023-07-14T09:17:12,男性,市外,ない,遊べる場所が少ない,５．県外に移りたい,大阪府,おじいちゃんが住んでるから,パソコン;スマートフォン（スマホ）,まちなみや景観が美しいまち,,
66,PB00006672,2023-07-14T09:16:53,男性,鯖江（惜陰・進徳小学校区）,武生のいいところは自然が豊かなところ,遊べるところが少ない,２．一度、市を出て、また帰ってきたい,,なんとなく,パソコン;スマートフォン（スマホ）,子どもから高齢者まで安心して教育を受けられるまち;まちなみや景観が美しいまち;歴史・伝統・芸術・文化を大切にするまち,街をでっかくしたい,
65,PB00006595,2023-07-14T09:16:51,女性,市外,スタバがある,特になし,１．いま住んでる地区にずっと住み続けたい,,"一人暮らしをするとお金がなくなるから　　　
進学したい場所が福井市にあるから",スマートフォン（スマホ）;パソコン;タブレット端末,だれもが自由に移動できる交通利便性の高いまち,電車の本数を増やしてほしい,
64,PB00006412,2023-07-14T09:16:44,男性,鯖江（惜陰・進徳小学校区）,静か,電車の値段,５．県外に移りたい,近畿地方,不便すぎる,スマートフォン（スマホ）,お店や娯楽施設が豊富で夜でもにぎやかさのあるまち,にぎやかになること,"何にしても車で移動しなければ行けないというのは不便すぎる
このままだと過疎化する"
63,PB00006372,2023-07-14T09:16:33,男性,市外,静かで落ち着く,遊べる場所がない,２．一度、市を出て、また帰ってきたい,,旅行をしてみたいから,パソコン;スマートフォン（スマホ）,子どもから高齢者まで安心して教育を受けられるまち;だれもが自由に移動できる交通利便性の高いまち;お店や娯楽施設が豊富で夜でもにぎやかさのあるまち,,
62,PB00006226,2023-07-14T09:16:25,女性,市外,住みやすいところ,遊べる場所が少ないところ,１．いま住んでる地区にずっと住み続けたい,,住みやすいから,スマートフォン（スマホ）;タブレット端末;テレビ,身近に自然を感じることのできるまち;子どもから高齢者まで安心して教育を受けられるまち;人々のふれあいやコミュニティ活動が盛んで温かいまち,メガネの街を誇る,ないです
61,PB00006199,2023-07-14T09:16:24,女性,立待,自然がある,電車やバスなどもう少し交通機関を増やしてほしい,２．一度、市を出て、また帰ってきたい,,他の場所にも住んでみたいから,スマートフォン（スマホ）;テレビ;新聞・雑誌など,だれもが自由に移動できる交通利便性の高いまち;お店や娯楽施設が豊富で夜でもにぎやかさのあるまち;まちなみや景観が美しいまち,イオンモールを作って欲しい,なし
60,PB00006065,2023-07-14T09:16:22,男性,市外,サービスエリアが大きくて人気がある,特にない,５．県外に移りたい,東京,都会は交通の便がいいから,パソコン;スマートフォン（スマホ）;テレビ,だれもが自由に移動できる交通利便性の高いまち;子どもから高齢者まで安心して教育を受けられるまち;身近に自然を感じることのできるまち,"大きなショッピングモールがある
公園などがあり子どもたちが遊びやすい",
59,PB00005975,2023-07-14T09:16:09,女性,市外,だるまちゃん公園がある。,商業施設が遠い場所にあること。,１．いま住んでる地区にずっと住み続けたい,,住みやすいから。,スマートフォン（スマホ）;テレビ,子どもから高齢者まで安心して教育を受けられるまち;だれもが自由に移動できる交通利便性の高いまち;大型商業施設（複合型店舗）があり生活利便性や満足度が高いまち,,
58,PB00005861,2023-07-14T09:16:08,女性,市外,優しい人が多い,遊び場がない,５．県外に移りたい,近畿地方,生活を送っていく上で便利そうだから,スマートフォン（スマホ）;パソコン,子どもから高齢者まで安心して教育を受けられるまち;個性を尊重し多様なライフスタイルが実現できるまち;安心して結婚・出産・子育てができるまち,,
57,PB00005780,2023-07-14T09:16:04,女性,鯖江（惜陰・進徳小学校区）,自然が多い,遊ぶ場所が少ない,５．県外に移りたい,東京都,地元が県外だから,スマートフォン（スマホ）;パソコン,大型商業施設（複合型店舗）があり生活利便性や満足度が高いまち,大型商業施設を作る,特にない
56,PB00005643,2023-07-14T09:16:03,男性,市外,のどかでのびのびと過ごせること,娯楽施設をもう少し増やしてほしい,２．一度、市を出て、また帰ってきたい,,福井県にないものが別の県にあったりするから,スマートフォン（スマホ）;テレビ,スポーツに親しむ環境が整備されたまち;デジタル技術を活用したサービスが充実したまち;お店や娯楽施設が豊富で夜でもにぎやかさのあるまち,,
55,PB00005590,2023-07-14T09:15:54,女性,市外,,,５．県外に移りたい,愛知県,一番長く住んでいたので友だちが多いから,スマートフォン（スマホ）;パソコン,だれもが自由に移動できる交通利便性の高いまち,,
54,PB00005442,2023-07-14T09:15:44,男性,市外,近くにスタバがある,遊ぶ場所がない,５．県外に移りたい,京都府,自立したいから,スマートフォン（スマホ）,歴史・伝統・芸術・文化を大切にするまち;子どもから高齢者まで安心して教育を受けられるまち;まちなみや景観が美しいまち,,
53,PB00005357,2023-07-14T09:15:42,男性,市外,自然豊か,なし,５．県外に移りたい,名古屋,好きなYOUTUBERがいる,スマートフォン（スマホ）,歴史・伝統・芸術・文化を大切にするまち,仲の良い　事故０,
52,PB00005219,2023-07-14T09:15:41,男性,市外,自然豊か,遊ぶところが少ない,５．県外に移りたい,京都,遊ぶところがあるから,スマートフォン（スマホ）,大型商業施設（複合型店舗）があり生活利便性や満足度が高いまち;デジタル技術を活用したサービスが充実したまち;お店や娯楽施設が豊富で夜でもにぎやかさのあるまち,都会にする,田舎
51,PB00005185,2023-07-14T09:15:40,女性,立待,地域行事があり、周りがとても静か。自然が豊か。,友だちと遊べる場所が少ない。夜が暗くて電気が少ない。,１．いま住んでる地区にずっと住み続けたい,,今住んでいる場所が住みやすく、居心地が良い。,スマートフォン（スマホ）,子どもから高齢者まで安心して教育を受けられるまち;スポーツに親しむ環境が整備されたまち;個性を尊重し多様なライフスタイルが実現できるまち,遊べる場所を作って欲しいです。,
50,PB00005019,2023-07-14T09:15:11,女性,鯖江（惜陰・進徳小学校区）,挨拶がしやすい,遊び場がすくない,２．一度、市を出て、また帰ってきたい,,安全で暮らしやすい,スマートフォン（スマホ）,子どもから高齢者まで安心して教育を受けられるまち;スポーツに親しむ環境が整備されたまち;だれもが自由に移動できる交通利便性の高いまち,人間学が外に出られる機会を増やせるように沢山のイベントを作る,
49,PB00004966,2023-07-14T09:14:49,女性,吉川,自然が豊かで広々としている所が良い。,日野川の堤防に草が生い茂っているので、それをなんとかしてほしい。,１．いま住んでる地区にずっと住み続けたい,,今住んでいるところが好きだから。,スマートフォン（スマホ）;テレビ,まちなみや景観が美しいまち;安心して結婚・出産・子育てができるまち;人々のふれあいやコミュニティ活動が盛んで温かいまち,自然豊かでみんなが安心して暮らせる場所になっていてほしい。,遊びに行く場所が少ないのでもっと増やしてほしい。例えばイオンやラウンドワンなど。
48,PB00004839,2023-07-14T09:14:46,男性,北中山,自然豊か,お店が少ない,１．いま住んでる地区にずっと住み続けたい,,県内で仕事をするから,スマートフォン（スマホ）,スポーツに親しむ環境が整備されたまち;デジタル技術を活用したサービスが充実したまち;大型商業施設（複合型店舗）があり生活利便性や満足度が高いまち,お店を増やす,お店が少ない
47,PB00004757,2023-07-14T09:14:29,男性,市外,だるまちゃん広場がある,鯖江駅らへんをもっと活性化してほしい,５．県外に移りたい,京都府　宇治市,京都に住みたいから,パソコン;スマートフォン（スマホ）,まちなみや景観が美しいまち;だれもが自由に移動できる交通利便性の高いまち;大型商業施設（複合型店舗）があり生活利便性や満足度が高いまち,,スタバとかおいたほうが楽しいと思う
46,PB00004698,2023-07-14T09:14:04,回答しない,神明（神明・鳥羽小学校区）,1公民館で夏休みに勉強ができる環境がある,友達と遊べる場所が少ない,１．いま住んでる地区にずっと住み続けたい,,今住んでいる場所が住みやすいから,スマートフォン（スマホ）;タブレット端末;テレビ,子どもから高齢者まで安心して教育を受けられるまち,イオンモールたてる,イオンモールたてる
45,PB00004503,2023-07-14T09:14:00,女性,市外,,,５．県外に移りたい,都会,ない,スマートフォン（スマホ）,若者や女性に選ばれる魅力のあるまち;お店や娯楽施設が豊富で夜でもにぎやかさのあるまち;まちなみや景観が美しいまち,,
44,PB00004440,2023-07-14T09:14:00,男性,市外,,,５．県外に移りたい,大阪,都会がいい,スマートフォン（スマホ）,まちなみや景観が美しいまち;子どもから高齢者まで安心して教育を受けられるまち,,
43,PB00004304,2023-07-14T09:13:44,男性,河和田,鯖江市図書館での貸出がスムーズで沢山の本があるところ。,つつじバスの本数を増やしてほしい。,２．一度、市を出て、また帰ってきたい,,仕事で県外に行きたいと思っているから。,パソコン;スマートフォン（スマホ）,個性を尊重し多様なライフスタイルが実現できるまち;デジタル技術を活用したサービスが充実したまち,ジェンダー平等ができるまち,特にないです
42,PB00004214,2023-07-14T09:13:35,男性,市外,誰もいないところが多い,ゲームセンターやショッピングモールなど楽しいところが少ない,５．県外に移りたい,都会,何もないので、住んでても面白くない,パソコン;スマートフォン（スマホ）;テレビ,デジタル技術を活用したサービスが充実したまち;まちなみや景観が美しいまち,楽しい場所になれるといい,無駄なことにお金をかけていないで、イオンモールなどを作って欲しい
41,PB00004147,2023-07-14T09:13:30,女性,市外,福井市内だからベルやアルプラ、エルパ、駅前などが遠すぎない。,友達と遊べるところが少ない。,２．一度、市を出て、また帰ってきたい,,今住んでいるまちもいいけどもっと都会の方に住んでみたいから。,スマートフォン（スマホ）;テレビ,子どもから高齢者まで安心して教育を受けられるまち;スポーツに親しむ環境が整備されたまち;若者や女性に選ばれる魅力のあるまち,もう少し若者が来たくなるような店を建てて、もっと若者の人口を増やしたい。,ないです。
40,PB00004006,2023-07-14T09:13:26,男性,河和田,自然がある,なんもない,５．県外に移りたい,大阪,仕事をしに行くから,スマートフォン（スマホ）,だれもが自由に移動できる交通利便性の高いまち;安心して結婚・出産・子育てができるまち;高度な医療や福祉サービスが充実したまち,,"買い物できるとこが少ない
色々大変"
39,PB00003986,2023-07-14T09:13:22,女性,神明（神明・鳥羽小学校区）,近くにコンビニがある,"ファミレスやファストフード店を多くして、もっと近くに作って欲しい
イオンやコストコ、スタバを建ててほしい",５．県外に移りたい,東京都、国分寺市,自分の実家だから,スマートフォン（スマホ）;パソコン,お店や娯楽施設が豊富で夜でもにぎやかさのあるまち,,
38,PB00003897,2023-07-14T09:13:16,男性,市外,,道路をきれいにしてほしい,４．県内の他の市町に移りたい,福井市,今住んでいる場所が住みやすいから,スマートフォン（スマホ）,だれもが自由に移動できる交通利便性の高いまち,,
37,PB00003744,2023-07-14T09:13:04,回答しない,豊,近くの神社が渋い。,"店増やしてほしい。
パチ屋なくして",５．県外に移りたい,大阪、東京,普通に都会で美容師したい。,スマートフォン（スマホ）,子どもから高齢者まで安心して教育を受けられるまち;身近に自然を感じることのできるまち;だれもが自由に移動できる交通利便性の高いまち,鯖江は末期,俺らが言っても変わらん。無駄。
36,PB00003657,2023-07-14T09:13:00,女性,市外,自然豊か,駅前に遊び場を増やしてほしい,５．県外に移りたい,金沢,発展している,タブレット端末;スマートフォン（スマホ）,大型商業施設（複合型店舗）があり生活利便性や満足度が高いまち,,
35,PB00003572,2023-07-14T09:12:52,回答しない,新横江（鯖江東小学校区）,特に無い,全部,５．県外に移りたい,決めてはいない,福井は住みにくいから,スマートフォン（スマホ）;タブレット端末,子どもから高齢者まで安心して教育を受けられるまち;スポーツに親しむ環境が整備されたまち;だれもが自由に移動できる交通利便性の高いまち,,
34,PB00003436,2023-07-14T09:12:36,男性,鯖江（惜陰・進徳小学校区）,海抜が高い,遊ぶところを増やしてほしい,５．県外に移りたい,京都府,コンビニも近いし老後も安心だから,スマートフォン（スマホ）,スポーツに親しむ環境が整備されたまち,特になし,特になし
33,PB00003390,2023-07-14T09:12:31,男性,市外,福井の中じゃ都会の方,ない,５．県外に移りたい,石川,ちょうどいい環境だと思うから,スマートフォン（スマホ）,スポーツに親しむ環境が整備されたまち,ないです,ないです
32,PB00003295,2023-07-14T09:12:11,女性,市外,？,遊ぶ場所がない,５．県外に移りたい,ここ以外の田舎じゃないとこ,ここなんもない,スマートフォン（スマホ）;パソコン,だれもが自由に移動できる交通利便性の高いまち;個性を尊重し多様なライフスタイルが実現できるまち,,
31,PB00003110,2023-07-14T09:11:22,男性,市外,空気がきれい,遊べる場所を増やしてほしい,５．県外に移りたい,京都,住みやすそうだから,スマートフォン（スマホ）,子どもから高齢者まで安心して教育を受けられるまち,,
30,PB00003058,2023-07-14T09:11:21,男性,市外,ない,店が少ない,５．県外に移りたい,都会,なんとなく,パソコン;スマートフォン（スマホ）;テレビ,子どもから高齢者まで安心して教育を受けられるまち,ない,ない
29,PB00002915,2023-07-14T09:11:13,男性,鯖江（惜陰・進徳小学校区）,古い町並み,"周りに何もない
古すぎる",５．県外に移りたい,奈良生まれだから奈良に帰る,奈良のほうがきれいだし、イオンがあるし周りも田舎臭くないから,スマートフォン（スマホ）,お店や娯楽施設が豊富で夜でもにぎやかさのあるまち,なし,発展させてください
28,PB00002899,2023-07-14T09:10:57,男性,市外,店が多い,なし,５．県外に移りたい,東京、愛知,"都会に住んでみたいから
有名人に会いたいから",スマートフォン（スマホ）,産業が盛んで働く場所が充実したまち;だれもが自由に移動できる交通利便性の高いまち;お店や娯楽施設が豊富で夜でもにぎやかさのあるまち,,
27,PB00002707,2023-07-14T09:10:51,男性,片上,"自然が豊か
",特にない,２．一度、市を出て、また帰ってきたい,,他の県についても気になるから,スマートフォン（スマホ）,子どもから高齢者まで安心して教育を受けられるまち;防災対策や防犯対策が十分で安全安心に暮らせるまち;安心して結婚・出産・子育てができるまち,もっと人口が増えてほしいと思った,特になし
26,PB00002623,2023-07-14T09:10:14,男性,市外,人がいない,遊ぶ場所がない,５．県外に移りたい,北海道,ご飯が美味しいから,スマートフォン（スマホ）,スポーツに親しむ環境が整備されたまち,,
25,PB00002531,2023-07-14T09:09:56,女性,市外,自然が豊かなところ,特にないです。,１．いま住んでる地区にずっと住み続けたい,,今住んでる場所が住みやすくて知っているところが多くて楽だからです。県外などに行ってしまうと、知らない場所がほとんどで人と接するときも気を使ってしまうからです。地元だと気を使わなくて楽だからです。,スマートフォン（スマホ）;テレビ,子どもから高齢者まで安心して教育を受けられるまち;歴史・伝統・芸術・文化を大切にするまち;高度な医療や福祉サービスが充実したまち,メガネの街鯖江というものがもっと世界に広まってくれるのを願う。,特にないです
24,PB00002422,2023-07-14T09:09:33,回答しない,鯖江（惜陰・進徳小学校区）,パチンコが多い,友達と遊べる場所が少ない,２．一度、市を出て、また帰ってきたい,,住みやすいから,スマートフォン（スマホ）;ラジオ,子どもから高齢者まで安心して教育を受けられるまち;歴史・伝統・芸術・文化を大切にするまち;人々のふれあいやコミュニティ活動が盛んで温かいまち,,
23,PB00002303,2023-07-14T09:08:48,男性,市外,環境が整っている,友だちと遊べる場所がない,１．いま住んでる地区にずっと住み続けたい,,今いる場所が住みやすいから,スマートフォン（スマホ）;テレビ;パソコン,子どもから高齢者まで安心して教育を受けられるまち;高度な医療や福祉サービスが充実したまち;だれもが自由に移動できる交通利便性の高いまち,メガネをもっと世界進出させてほしい,特になし
22,PB00002222,2023-07-14T09:08:24,女性,豊,山が多く自然豊か,買い物する場所や、遊ぶ場所が少ない,５．県外に移りたい,東京都,行きたいところが東京に多いから,スマートフォン（スマホ）;テレビ;パソコン,デジタル技術を活用したサービスが充実したまち;大型商業施設（複合型店舗）があり生活利便性や満足度が高いまち,鯖江を好きになってくれる子供が増えてほしい,バスの本数を増やしてほしい
21,PB00002124,2023-07-14T09:08:07,女性,市外,自然豊か,遊べるとこがない,５．県外に移りたい,県外,将来やりたいことのため,スマートフォン（スマホ）;パソコン,個性を尊重し多様なライフスタイルが実現できるまち,,
20,PB00002045,2023-07-14T09:08:03,男性,市外,落ち着いている。,,５．県外に移りたい,,独立したいから。,パソコン;スマートフォン（スマホ）;タブレット端末,スポーツに親しむ環境が整備されたまち;大型商業施設（複合型店舗）があり生活利便性や満足度が高いまち;子どもから高齢者まで安心して教育を受けられるまち,,
19,PB00001950,2023-07-14T09:07:37,男性,市外,周りの人が優しい,遊ぶところが少ない,１．いま住んでる地区にずっと住み続けたい,,住みやすいから,スマートフォン（スマホ）;パソコン;タブレット端末,子どもから高齢者まで安心して教育を受けられるまち;お店や娯楽施設が豊富で夜でもにぎやかさのあるまち;人々のふれあいやコミュニティ活動が盛んで温かいまち,遊園地を作って欲しい,にぎやかにしてほしい
18,PB00001802,2023-07-14T09:06:04,女性,神明（神明・鳥羽小学校区）,近くに買い物できるところがたくさんある,遊ぶ場所が少ない,２．一度、市を出て、また帰ってきたい,,他の地域にも興味があるから,スマートフォン（スマホ）;テレビ,だれもが自由に移動できる交通利便性の高いまち;スポーツに親しむ環境が整備されたまち;まちなみや景観が美しいまち,,
17,PB00001771,2023-07-14T09:05:47,男性,市外,小中学校やコンビニエンスストアなどが、近いところ,鯖江駅前が、福井駅前や武生駅前に比べてしょぼい。,２．一度、市を出て、また帰ってきたい,,一度でいいから、住んでいる街の外で過ごしたいから,スマートフォン（スマホ）,だれもが自由に移動できる交通利便性の高いまち;大型商業施設（複合型店舗）があり生活利便性や満足度が高いまち,,
16,PB00001655,2023-07-14T09:05:37,男性,豊,静かでとても住みやすい,遊べるところが少ない,５．県外に移りたい,京都府,県外のほうが住みやすそうだから,パソコン;スマートフォン（スマホ）;タブレット端末,歴史・伝統・芸術・文化を大切にするまち;安心して結婚・出産・子育てができるまち;だれもが自由に移動できる交通利便性の高いまち,みんなが安心して暮らせる街になって欲しい,
15,PB00001568,2023-07-14T09:05:37,女性,鯖江（惜陰・進徳小学校区）,きれいな図書館がある,あまりよるところがない,２．一度、市を出て、また帰ってきたい,,いい場所だから,スマートフォン（スマホ）,子どもから高齢者まで安心して教育を受けられるまち,たくさんのお店ができていてほしい,あまりなし
14,PB00001499,2023-07-14T09:04:49,男性,市外,自然が多い,遊べる場所が少ない,５．県外に移りたい,愛知,県外で一人暮らしがしたいから,スマートフォン（スマホ）;タブレット端末;テレビ,スポーツに親しむ環境が整備されたまち;お店や娯楽施設が豊富で夜でもにぎやかさのあるまち;まちなみや景観が美しいまち,暮らしやすい街になるとよい,
13,PB00001355,2023-07-14T09:04:43,女性,鯖江（惜陰・進徳小学校区）,コンビニや、スーパーが近い,JRの駅が少し遠い,５．県外に移りたい,京都、大阪,都会だから,スマートフォン（スマホ）,子どもから高齢者まで安心して教育を受けられるまち,少子高齢化が進まないどの世代も元気な街,ない
12,PB00001267,2023-07-14T09:04:34,女性,市外,,,２．一度、市を出て、また帰ってきたい,,"一回仕事がしやすい街に出て仕事が落ち着いたらまた福井に戻ってきたいなと思ったからです。
",スマートフォン（スマホ）;パソコン;テレビ,子どもから高齢者まで安心して教育を受けられるまち;安心して結婚・出産・子育てができるまち;お店や娯楽施設が豊富で夜でもにぎやかさのあるまち,,
11,PB00001153,2023-07-14T09:04:25,男性,吉川,自然が豊かである,遊べる場所がない,５．県外に移りたい,東京都,将来やりたい仕事があるから,スマートフォン（スマホ）,まちなみや景観が美しいまち;だれもが自由に移動できる交通利便性の高いまち;お店や娯楽施設が豊富で夜でもにぎやかさのあるまち,,
10,PB00001006,2023-07-14T09:03:14,女性,市外,,,５．県外に移りたい,,県外に行きたい学校があるから,スマートフォン（スマホ）,歴史・伝統・芸術・文化を大切にするまち;お店や娯楽施設が豊富で夜でもにぎやかさのあるまち,,
9,PB00000999,2023-07-14T09:02:50,男性,鯖江（惜陰・進徳小学校区）,治安があまり悪くない,友達と遊ぶところが少ない　条例を少し軽めに　,２．一度、市を出て、また帰ってきたい,,過ごしやすいから,パソコン;スマートフォン（スマホ）;テレビ,その他,,もう少し条例を少し軽めにしてほしい
8,PB00000867,2023-07-14T08:58:41,男性,立待,堤防のところに芝生の遊べるところがある,友達と遊べるところが少ない,１．いま住んでる地区にずっと住み続けたい,,土地勘,パソコン;スマートフォン（スマホ）;テレビ,スポーツに親しむ環境が整備されたまち;大型商業施設（複合型店舗）があり生活利便性や満足度が高いまち,,
7,PB00000789,2023-07-13T10:30:55,女性,河和田,自然がきれい,"遊べるたのしい場所がない
バスの本数が少ない",２．一度、市を出て、また帰ってきたい,,今自分が住んでいるところの良さがわからないため、他のところにいってみて一度経験してみたいから。,スマートフォン（スマホ）;テレビ;その他,お店や娯楽施設が豊富で夜でもにぎやかさのあるまち;安心して結婚・出産・子育てができるまち;歴史・伝統・芸術・文化を大切にするまち,子供が安全に楽しく暮らせて、高齢者を支える人がたくさんいる街。,もう少しコスパが良くて学生が遊べるような場所がほしいです。
6,PB00000640,2023-07-13T09:14:14,女性,北中山,自然,"バスの本数
大きなショッピングモール",２．一度、市を出て、また帰ってきたい,,住みやすく、安心できるから,スマートフォン（スマホ）,安心して結婚・出産・子育てができるまち;大型商業施設（複合型店舗）があり生活利便性や満足度が高いまち;だれもが自由に移動できる交通利便性の高いまち,,
5,PB00000528,2023-07-13T08:54:40,女性,鯖江（惜陰・進徳小学校区）,ドラッグストアなど買い物出来る場所が沢山ある,遊べる場所が少ない,５．県外に移りたい,東京都,"都会の方が賑やかだと考えるから
ここじゃ出来ない仕事をしてみたいから",スマートフォン（スマホ）;パソコン;テレビ,まちなみや景観が美しいまち;産業が盛んで働く場所が充実したまち;お店や娯楽施設が豊富で夜でもにぎやかさのあるまち,賑やかになるといいと思います,"ゴミ出しがもっと簡単にできるようになって欲しい
新幹線が乗りずらいと思う"
4,PB00000449,2023-07-13T08:15:29,男性,河和田,自然,友達と遊べる場所が少ない,５．県外に移りたい,未定,新しい発見ができるから,スマートフォン（スマホ）,まちなみや景観が美しいまち;子どもから高齢者まで安心して教育を受けられるまち;安心して結婚・出産・子育てができるまち,,
3,PB00000339,2023-07-13T08:08:17,女性,豊,,"遊べる場所が少ない
街灯が少ない
",２．一度、市を出て、また帰ってきたい,,なんとなく,スマートフォン（スマホ）,大型商業施設（複合型店舗）があり生活利便性や満足度が高いまち;若者や女性に選ばれる魅力のあるまち;安心して結婚・出産・子育てができるまち,,
2,PB00000241,2023-07-13T08:07:26,男性,鯖江（惜陰・進徳小学校区）,,,２．一度、市を出て、また帰ってきたい,,産まれたから,スマートフォン（スマホ）,スポーツに親しむ環境が整備されたまち,,
1,PB00000182,2023-06-29T09:03:25,男性,新横江（鯖江東小学校区）,テスト,テスト,３．市内の他の地区に移りたい,テスト,テスト,ＶＲゴーグル;ラジオ;その他,お店や娯楽施設が豊富で夜でもにぎやかさのあるまち;その他,テスト,テスト