回答番号,受付番号,回答日時,あなたの性別は？,あなたの年齢は？,あなたが住んでる地区は？ [地区名が分からない場合は下記の地区別町名をご覧ください],あなたが住んでる地区の良いところや好きなところ、自慢したいところは？,あなたが住んでいる地区に変わってほしいところや不便なところは？,鯖江市に変わってほしいところや不便なところは？,あなたは鯖江市に住み続けたいですか？ [※１～２を選択した人の次の設問はQ９です],Q７で３～５を選択した人にお聞きします。具体的にどこに移りたいですか？ [都道府県、市町、地区名など],Ｑ７であなたが選んだ理由は？ [できるだけ具体的にお願いいたします。],あなたが欲しい情報を探したり集めたりするときに使うものは？ [（○は３つまで）],あなたが欲しい情報を探したり集めたりするときに使うものは？ その他,あなたは鯖江市がどんなまちになったらいいと思いますか？ [（○は３つまで）],あなたは鯖江市がどんなまちになったらいいと思いますか？その他,鯖江市の将来像について、夢や希望、アイデアなど、想いを自由に書いてください。,その他、市に対して言いたいことを、自由に書いてください。
224,SR00022477,2023-08-09T07:29:40,女性,30～39歳,吉川,ないです,"ゴミ捨て場が遠いこと
社会奉仕でなかったら1000円徴収されること
ラジオ体操の場所を指定されること
","イオンを作って欲しい
",１．いま住んでる地区にずっと住み続けたい,,新築を建てたから,スマートフォン（スマホ）;テレビ,,安心して結婚・出産・子育てができるまち;お店や娯楽施設が豊富で夜でもにぎやかさのあるまち,,子供を育てやすい場所,
223,SR00022338,2023-08-08T21:49:49,男性,30～39歳,吉川,住み始めたとこなので、よくわかりません。,"社会奉仕にでないと1000円の罰金がつくのはやめてもらいたい。日曜日仕事の人とか家庭環境的にもいけにい方はいるのでそういう配慮はしてほしい。

ゴミ捨て場は燃えるゴミと燃えないゴミも同じ場所にしてほしい。

","電気代が上がるときに水道代基本料金を無料にしていただいたのはありがたかったが、2ヶ月間だけでは何の意味もないのでやるなら現金給付のほうが鯖江に住む人は特別感がでて良かったとおもいます。

子供が遊べるような大きい施設が欲しいです。

西山公園のパンダランドが不衛生すぎるので状況把握されたほうがいいと思います。",１．いま住んでる地区にずっと住み続けたい,,"職場が近いから。
",スマートフォン（スマホ）;パソコン,,安心して結婚・出産・子育てができるまち;人々のふれあいやコミュニティ活動が盛んで温かいまち;高度な医療や福祉サービスが充実したまち,,"鯖江に来て3年ほどですが、25歳以上は洋服などは福井市内にでるかネット、他府県が多い状況なのでアルプラザの中身を変えた方が鯖江での消費は増えると思います。
最低でも鯖江のエルパぐらいにはならないと発展はしない気がします。

これからどんどん原価も上がると思われるので、衣食はせめでどこの市よりも安く品質もいい、なぜなら鯖江市がサポートしてるからという市の信頼がこれからの生活の支えになると思われます。",選挙に当選された方は必ず有言実行してもらいたいものですね！
222,SR00022236,2023-08-08T20:21:05,女性,40～49歳,中河,"徒歩圏内に、スーパー、コンビニ、ドラッグストア、病院、歯医者、ホームセンター、飲食店、図書館、公園がある。
昔からの町内の人達が、新しい住宅の人達と交流しようとしてくれたり、参加しやすいように声をかけてくれる。","年をとって、車の運転が出来なくなったら、ゴミステーションが遠いので、ゴミ捨てが大変だと思う。班ごとか、もう少し、歩いて行ける、狭い範囲にゴミステーションがあると良い。
小学校区と、地区が違うので、子供会には、ラジオ体操のために入っているだけになってしまう。子供が、同じ小学校の子供たちが入っている子供会に入っていないので、子供会の行事があっても、参加出来ない。誘ってくれても、違う小学校の子供たちばかりなので、参加しにくいです。","エンゼルランドみたいに、雨でも、無料で遊べる所を作って欲しい。
病児保育が少なくて、預けられない時は、高速で、愛育病院まで預けに行きました。病児保育の利用の仕方も、福井市から、引っ越して来た時、分からなくて、ルールも、病院によって違ったり、定員が少なくて、苦労しました。上の子は、福井市で産んで育てましたが、当日に行って預けられるので、病児保育を探すのに苦労する事は、ありませんでした。母子手帳を渡す時とか、出生届の時とか、検診の時とか教えてくれるとか、鯖江の子育ての事とかが、ハンドブックみたいになっていると助かります。
バスの行き先が分かりにくくて、どのバスに乗ったら、何処に行けるか分からないです。神明苑とか、アルプラとか、病院とか、駅とかは、乗り換えしなくても行ける、分かりやすいバスがあるといいなと思います。
駅から、サンドームまでの歩道を広げるよりも、コンサートまでの間や、後にゆっくり過ごせる、カフェのような場所や、商業施設や、お土産売り場みたいな場所があると、地元の人も利用出来ていいなと思います。",１．いま住んでる地区にずっと住み続けたい,,徒歩圏内に、いろいろあって、便利だし、ある程度、生活に必要な事が、近くで解決するから。老後も過ごしやすいと思うから。,スマートフォン（スマホ）,,安心して結婚・出産・子育てができるまち;高度な医療や福祉サービスが充実したまち;だれもが自由に移動できる交通利便性の高いまち,,"保育園や、小学校に、ルネッスのバスが子供を迎えに来て、送迎してくれるのは、働いていると、とても助かりました。働いていても、子育てしやすい環境や、子育てしていても、働きやすい環境になるといいなと思います。
ペットも、家族なので、ドッグランがある公園とか欲しいです。災害の時とか、ペットも一緒に避難できるのかなとか、この子達がいるから、家にいようとか考えます。動物にも優しい町になって欲しいです。
若い人が、福井市の方や、県外に買い物や、遊びに行かなくても良くなったり、市外の人が、鯖江市に遊びに来たいと思う場所が出来るといいなと思います。
丹南病院ありますが、大きな病気も、日赤や、医大に行かなくても、診てもらえる病院になるといいなと思います。",県や市の備蓄の、マスクとか、手袋とか、ガウンとか、希望する医療機関等に配布してますが、コロナが、5類になり、一般家庭で感染した方も、対応をどうして良いか分からない人が沢山います。コロナ診断受けて、薬局に薬をもらいに来た市民の方に、自宅での消毒方法や、対応の仕方、過ごし方の説明書等と一緒に、マスクとか、手袋とか、ガウンとか、配布した方が良いと思います。あと、医療機関や、施設よりも、ヘルパーさんとか、感染した自宅で生活している方の支援に入っている人に、より多く配布できるようなシステムにして欲しいです。
221,SR00022160,2023-08-06T09:17:04,男性,30～39歳,吉川,,"回覧板が回ってくるのが遅い。
電子版でいつでも確認できるようにしてほしい。","少子化と言っている割には、子育て支援や特に双子育児への支援が少なすぎる。
",４．県内の他の市町に移りたい,越前市,補助金関係が多い,パソコン;スマートフォン（スマホ）;タブレット端末,,安心して結婚・出産・子育てができるまち;大型商業施設（複合型店舗）があり生活利便性や満足度が高いまち;デジタル技術を活用したサービスが充実したまち,,双子育児であっても、しっかりとした支援を受けることができる市になってほしい。,回覧板の電子化を強く希望します。坂井市はいち早く電子化に取り組んでいるみたいですし、技術が進化しているのに未だに取り組まないのは遅いと思いました。
220,SR00022015,2023-08-05T08:17:28,女性,40～49歳,中河,"・三里山のふもとでホタルがみられる
・中河小学校がおしゃれな設計
・浅水川の桜並木がきれい
・北陸新幹線と菜花が一緒にみられる
・高速インターが近い
・8号線が近い","・地域の公民館にある遊具が古すぎる
・三里山から降りてくる露のために、家や車やカーブミラーがくもったり、濡れたりする
・昔ながらの立地のため車がすれ違えないくらい道路が狭い","・全天候型の娯楽施設を誘致して欲しい
・休日のこども病院が遠い
・老後、車が使えなくなったときの移動手段が便利かどうかが不安
バスの経由地、タクシーの数、毎日使用するための料金など",１．いま住んでる地区にずっと住み続けたい,,車があれば、いろいろアクセスは良いので生活に支障がない。のどかでのんびり暮らせるから。,スマートフォン（スマホ）;パソコン,,個性を尊重し多様なライフスタイルが実現できるまち;若者や女性に選ばれる魅力のあるまち;防災対策や防犯対策が十分で安全安心に暮らせるまち,,鯖江市文化センターの別名を付けて、小規模のホールを用意。ライブハウスとして、かっこよく使用できるようにする。外観も張りぼてでも良いので、おしゃれな感じかクールな感じにイメージチェンジする。,
219,SR00021961,2023-08-04T20:55:38,男性,50～59歳,神明（神明・鳥羽小学校区）,,西縦貫線沿いのバローの横断歩道が怖くて渡れない。過去に死亡事故あり。警察は横断歩道の一旦停止の取り締まりを強化すべき。,学校生活学習支援員の時給が安すぎて、成り手が不足していると聞いている。自分もお手伝いしたいが、ほぼ１日拘束されるので、他のバイトと掛け持ちは難しく、夏休み中は無休となるため、1000円を切る時給では残念ながら勤められない。教員の負担軽減と子供の教育や子育ての充実に本気で取り組むならば、時給の値上げが必要。時給1300～1500円が妥当と考える。,１．いま住んでる地区にずっと住み続けたい,,本当は雪の降らない所に移住したいが、わりと住みやすいから。,パソコン;スマートフォン（スマホ）,,高度な医療や福祉サービスが充実したまち;防災対策や防犯対策が十分で安全安心に暮らせるまち;人々のふれあいやコミュニティ活動が盛んで温かいまち,,何より安全安心が一番。特に夜間の忍び込み等の犯罪防止のために、警察は夜間のパトロールを強化してほしい。,このような、市民のアイデアや意見を吸い上げる取り組みは良いと思う。結局、市民のニーズをちゃんと把握できていないと、的外れな政策になってしまうから。
218,SR00021893,2023-08-04T17:45:23,女性,70～74歳,吉川,夕日が美しい??,"・免許を返納したら動ける範囲が極端に狭く成る。
・サイクリングロードを通る人…ゴミを捨て無いで頂きたい。","・イベントが重なって参加し難い
・広報の配布が遅い為、イベントの申し込み日が過ぎていて参加出来ない",１．いま住んでる地区にずっと住み続けたい,,自分の持ち家だから,スマートフォン（スマホ）;その他,広報,まちなみや景観が美しいまち;歴史・伝統・芸術・文化を大切にするまち;だれもが自由に移動できる交通利便性の高いまち,,"・自動運転で小型バスを1時間に2本程走らせ、車を持たない世代が動ける様に

・地域の居場所作り(年齢関係なく年長者と子供が仲良く慣れる場所)",色々な団体が色々なイベントを行っている、イベント同士を繋いで頂けると分散せず盛り上がるのではないでしょうか。
216,SR00021662,2023-08-04T11:55:32,男性,60～64歳,立待,特にありません,交通の便、スーパーが遠い、スポーツ活動がない、雑草が放置,様々なスポーツコミュニティがあり、活性化していること,５．県外に移りたい,静岡県、神奈川県、兵庫県、など雪の心配が不要な場所,"晴れが多く、雨や雪の心配がないこと。
除雪が不要なこと
適度に人口があり街が活性化していること
天気を気にせず活動できる日数が多いこと",パソコン;スマートフォン（スマホ）,,スポーツに親しむ環境が整備されたまち;産業が盛んで働く場所が充実したまち;だれもが自由に移動できる交通利便性の高いまち,,,市民全員、特に50代以降などの年代の方々や有識者の方々には、閉鎖的な考え方をしないで次世代のために考えてほしい。
215,SR00021575,2023-08-03T19:30:10,女性,30～39歳,神明（神明・鳥羽小学校区）,徒歩圏内に買い物できる場所や図書館、公園があり住みやすい,住民が増えてきて、ご近所付き合いも減った。いい面もあるが、地域のつながりが減っているのも寂しい,住民税や水道代が高い,１．いま住んでる地区にずっと住み続けたい,,特に不便がないから,スマートフォン（スマホ）;テレビ;新聞・雑誌など,,個性を尊重し多様なライフスタイルが実現できるまち;安心して結婚・出産・子育てができるまち,,,
214,SR00021447,2023-08-03T19:04:35,男性,22～29歳,新横江（鯖江東小学校区）,周りに何でもある,補助金が少ない！,"子供が遊べるところが欲しい
補助金がない！",１．いま住んでる地区にずっと住み続けたい,,今住んでる場所がすみやすい！,スマートフォン（スマホ）,,子どもから高齢者まで安心して教育を受けられるまち;安心して結婚・出産・子育てができるまち;若者や女性に選ばれる魅力のあるまち,,メガネ以外にも何かあるといい,若い世代にもっと目を向けて欲しい
213,SR00021390,2023-08-03T14:28:28,女性,60～64歳,神明（神明・鳥羽小学校区）,買い物が便利,大きな工場や会社が越前市のようにないため、若者の働く所が鯖江市には少ない,イオンなど大きな商業施設ができると雇用もうまれて、町が活気づくと思う,１．いま住んでる地区にずっと住み続けたい,,持ち家があるので鯖江市に住み続けます。,スマートフォン（スマホ）,,産業が盛んで働く場所が充実したまち;大型商業施設（複合型店舗）があり生活利便性や満足度が高いまち;高度な医療や福祉サービスが充実したまち,,石川県の白山市のように商業施設が整備されると人が自然にうつり住み、人口も増え、雇用もうまれて活気がある町になると思う。鯖江にも大学や専門学校があるといいですね。美味しい和洋菓子店が多いのでパティシエの専門学校もいいですね。和洋菓子で鯖江が盛り上がると面白いですね。イオンのなかに学生のお店を白山市のようにつくるのもいいですね。,市の公園の落葉樹は?葉っぱが大量に落ち、近隣の家は毎年その落ち葉を毎日掃除している。ボランティアでしているが、葉っぱを燃やすこともできない。せめてゴミ袋の配布ぐらいはあってもいいのではないかと思う。担当課で一度近隣の家で年間どのぐらいの葉っぱのゴミを出すのか調査をしてください。伐採剪定も業者まかせにしないで担当課の方々が立ち会ってほしい。剪定したと業者は言うが切ってない木もある。市の職員が近隣住民に剪定してほしい木について話を聞いてほしい。
212,SR00021210,2023-08-03T10:26:04,女性,30～39歳,鯖江（惜陰・進徳小学校区）,公園がたくさんあり、子供とのお散歩がしやすい。人が親切。,資源ゴミの分別に小さな子連れや妊娠中に出向くのが辛い。できれば可燃ゴミと同様にゴミの種類を日毎に決めて一括に出せたら助かります。,"商業施設の充実。
ユニクロやGUなど鯖江にも欲しいです。",１．いま住んでる地区にずっと住み続けたい,,子育てしやすく住みやすいから。,スマートフォン（スマホ）;テレビ,,高度な医療や福祉サービスが充実したまち;防災対策や防犯対策が十分で安全安心に暮らせるまち;安心して結婚・出産・子育てができるまち,,子持ちの母ですが、子育て優先が叶う働きやすい市になってほしいです。,市役所のコンシェルジュとても良いと思います。窓口で迷っていてもすぐに誘導していただけて、ありがとうございます。
210,SR00021035,2023-08-02T20:31:31,女性,30～39歳,中河,平坦で歩きやすい,区画整理し住所・自治会を再編してほしい,市役所の駐車場が少ない,１．いま住んでる地区にずっと住み続けたい,,家を建てたから,スマートフォン（スマホ）;パソコン;テレビ,,子どもから高齢者まで安心して教育を受けられるまち;防災対策や防犯対策が十分で安全安心に暮らせるまち;若者や女性に選ばれる魅力のあるまち,,年に一度で良いので眼鏡をかけている著名人を呼んでイベントをしてほしい,
209,SR00020987,2023-08-02T18:48:08,男性,75歳以上,神明（神明・鳥羽小学校区）,"鳥羽3丁目
近くにス-パ-あり買い物が便利です",特になし,鯖江市には大きな会社が無く、市の税収が少ない。大きな会社誘致が必要です。,１．いま住んでる地区にずっと住み続けたい,,生活には不便さが無い為。,スマートフォン（スマホ）;テレビ;新聞・雑誌など,,まちなみや景観が美しいまち;人々のふれあいやコミュニティ活動が盛んで温かいまち;大型商業施設（複合型店舗）があり生活利便性や満足度が高いまち,,イオンドモ-ル等大きなショッピングモールの誘致が必要です。,もっと元気さがほしい。
206,SR00020634,2023-08-02T14:48:08,女性,30～39歳,豊,田んぼがたくさんあり、鳥もたくさんいる。静かでのどかです。,こどもが落ちてしまったら危ないのでは？と思うような流れの強い用水路があったりする。上にあみをしてほしい。,"室内遊び場を作って欲しいです。
もう、夏は外で遊べません。",１．いま住んでる地区にずっと住み続けたい,,"のどかで住みやすい。
一本道を出れば、スーパーや商業施設が近くにあり便利。",スマートフォン（スマホ）;テレビ,,まちなみや景観が美しいまち;歴史・伝統・芸術・文化を大切にするまち;安心して結婚・出産・子育てができるまち,,,
205,SR00020538,2023-08-02T12:10:15,女性,50～59歳,中河,中河小学校近くの川沿いの桜並木！,"冬、雪が積もった時、歩道の除雪がされていない。
車を運転されないお年寄りや、ご年配の方の
歩く場所がなく、車道を歩かれている。
凄く危険。
積雪時は、ドライバーの視界が狭くなりがち。(スリップや除雪がない道は、ガタガタだから)
難しいで終わらず、問題を噛み砕いて考え、
取り組んでもらいたい。","歩きタバコや、タバコのポイ捨て、ゴミのポイ捨てなどに関する決まり事や条例がない。
また、マナーに関する提示もない。
喫煙者は、未だに昭和頃のまま。
野外は全部、喫煙所感覚。
街をキレイに、人に気遣いのある自治体となるよう取り組む必要がある。
そこが整って初めて、若者世代が集う場や、施設、商業施設の充実が実現するのではと思う。そうしないと、結局、汚れる場所が増えるだけ。
",１．いま住んでる地区にずっと住み続けたい,,"正直、出る理由がないから。
住みやすいわけではない。だからこそ、変わった方が良い点や問題点を、市民目線で行政に伝えている。",スマートフォン（スマホ）;新聞・雑誌など,,産業が盛んで働く場所が充実したまち;その他,市民ひとりひとりが、街をきれいにするというマナーを持ちタバコの吸い殻や、ゴミのポイ捨てのない街。キレイな街、ゴミのない街といえば、福井県鯖江市となるような街！,"JRではなくなり、ハピラインになるという事に危機感を持っての対応を望む。
他県から、人を呼び込む入り口なのだから、駅周辺を工事するにしても、""鯖江を感じられる""、""わざわざ鯖江駅に来る""という内容が、絶対に必要だと考える。
どこか他県や他の市の真似は必要だが、真似して終わらないようにしてほしい。
かなりのお金が動く事！
鯖江市民が、他県に向けて誇れる、すてきな環境となるよう動いてほしい。","
限られた人数で、精一杯対応されていると感じています。
市民から出てくる声も、多いと思います。
""行政だけで解決しなくてはいけない""という雰囲気があるように感じます。
市民全員と話し合う事は、とても難しい事。

せめて、市に改善を求めて来た方とは、意見のキャッチボールをして、良策を見つけ出していく方法にしてみてもいいのではないかと考えます。
市に改善を求めるなら、市に投げっぱなしはさせない事を条件に付けても良いと思います。
意見交換などを聞いていても、市民は行政を責めているだけがほとんど。
代替案などを提示して話している人はいない。
私自身は、そうならないように、必ず提案
しています。
また行政には、もう少し腹を割ったスタンスを望みます。
市民と行政とで、""鯖江市を創る""というスタイルをもっと色濃くしていっても良いのでは
と、考えます。"
204,SR00020473,2023-08-02T07:20:17,男性,70～74歳,神明（神明・鳥羽小学校区）,まだ青年会があり、地域の活動を取り組んでくれている事,"高齢化と年輩の方々も仕事をされ
、地域に日頃は家にいない事、いざの時動ける方が限られている事","若い人達が、少し余裕があるようになってほしい
また、子ども達が雨天時家族で遊ぶ事が出来るところがほしい",１．いま住んでる地区にずっと住み続けたい,,ご縁で約30年住んでいますし、地域の活動があり、充実していきたいと思う仲間がいますので共に取り組んで行きたい,スマートフォン（スマホ）;新聞・雑誌など;テレビ,,安心して結婚・出産・子育てができるまち;人々のふれあいやコミュニティ活動が盛んで温かいまち;個性を尊重し多様なライフスタイルが実現できるまち,,"自信を持って住める街
家族が助け合える家庭つくり
",防災計画にしても人が、必要であり、人つくりに力を入れてほしいし、取り組んでいきたい
203,SR00020310,2023-08-02T06:38:22,男性,50～59歳,神明（神明・鳥羽小学校区）,駅病院買い物など利便性が高い,"車通りが多い割に道が狭い
若い人や子供が少ない
夜暗い","高い税金
税金の無駄遣いではないかと思われる事業の廃止
金銭面で生活しやすい環境作り
一部の企業に偏った税金の利用
",１．いま住んでる地区にずっと住み続けたい,,"今より良い条件の場所を知らない
現在の職場に近いから",スマートフォン（スマホ）;テレビ,,身近に自然を感じることのできるまち;大型商業施設（複合型店舗）があり生活利便性や満足度が高いまち;高度な医療や福祉サービスが充実したまち,,老後も安心して住み続けられる街になってほしい。,"税金が高い
兜山古墳の整備や焼却炉の更新など本当に必要なのか？
一般庶民は卵を買うのも躊躇う時節柄、税金を使い切ることばかり考えないで、もう少し市民の目線、感覚で税金の徴収や使い道を考えて欲しいと思う。"
202,SR00020292,2023-08-02T05:25:39,男性,65～69歳,神明（神明・鳥羽小学校区）,なし,"世帯数が非常に大きいのに
、地区割りを見直してないこと。","市議会議員を減らすこと。
議員が、いつまでも町内会の代表で町内会の事しか耳を貸さないこと。
グローバルな視野で議会運営をして欲しい。",２．一度、市を出て、また帰ってきたい,,他の地域と鯖江市を比較してみたい。,スマートフォン（スマホ）;新聞・雑誌など;テレビ,,防災対策や防犯対策が十分で安全安心に暮らせるまち;産業が盛んで働く場所が充実したまち;高度な医療や福祉サービスが充実したまち,,なし,"情報開示が、さらに進んで欲しい。
市民不在の議会運営は、こりごり"
201,SR00020152,2023-08-01T23:44:09,女性,50～59歳,豊,"自然が豊かな所。
治安が良い所。",つつじバスの本数が少ない所。,公共交通の便を良くして欲しいです。,１．いま住んでる地区にずっと住み続けたい,,住みやすいから。,スマートフォン（スマホ）;ラジオ;新聞・雑誌など,,歴史・伝統・芸術・文化を大切にするまち;防災対策や防犯対策が十分で安全安心に暮らせるまち;人々のふれあいやコミュニティ活動が盛んで温かいまち,,男女が意見を持ち合い、活発に発言出来る町でいて欲しいです。,"来年の北陸新幹線の延伸により、JR鯖江駅から、近畿、中部地方に行きにくくなります。ハピラインになっても、スムーズに近畿、中部地方に行ける様にして下さい。

サンドーム福井でイベントが有る時に、全国から人が集まります。
駅近くに荷物の一時保管場所を作る。
駅から会場まで、歩いて行く方のちょっとした休憩所を作る。

駅から会場までの徒歩２０分を、いかに短く感じてもらい、鯖江をPR出来るか。おもてなしの気持ちで取り組んで欲しいです。


"
200,SR00020070,2023-08-01T23:23:56,男性,30～39歳,北中山,緑豊かだけでなく、スーパーやドラッグストア、病院、飲食店など施設がそれなりに充実している。,少子高齢化,商業施設が少ないのでもう少し充実させて欲しい,１．いま住んでる地区にずっと住み続けたい,,不満がほとんどないから,パソコン;新聞・雑誌など;テレビ,,まちなみや景観が美しいまち;安心して結婚・出産・子育てができるまち;歴史・伝統・芸術・文化を大切にするまち,,,
199,SR00019946,2023-08-01T23:01:01,男性,30～39歳,新横江（鯖江東小学校区）,24時間営業のスーパーが近くにあり、便利。また、鯖江駅や鯖江ICといった交通利便性が良い。,資源ゴミ当番にアパートやマンションの方が割り当てられているが、当日殆ど立っていないことが多く、ゴミがうまく仕分けられていないので、それならばいっそ、戸建てだけで当番を回すようにしてほしい。,(特に雨の日に)子供が遊べるような施設が欲しい。,１．いま住んでる地区にずっと住み続けたい,,もともとは豊地区だが、スーパーが近くにあることや交通の便が良いことに非常に満足している。,スマートフォン（スマホ）;パソコン,,子どもから高齢者まで安心して教育を受けられるまち;安心して結婚・出産・子育てができるまち;スポーツに親しむ環境が整備されたまち,,新しいことにチャレンジしていく、変化を恐れすぎない、柔軟性に富んだ考えが溢れる街になって欲しい,いつもありがとうございます。これからもどうぞよろしくお願いいたします。
198,SR00019804,2023-08-01T21:49:53,女性,22～29歳,豊,"最近新しく建つ家が多く、似たような家族層が近所に多い。
",遊具がある公園が少ない。ベンチだけの公園の用途が分からない。,"・古びている公園を整備してほしい。遊具が壊れたままだったり、草が生えすぎていたりで遊べない
・資源ゴミの日を増やしてほしい。",１．いま住んでる地区にずっと住み続けたい,,"職場が市内だから市外に行くつもりはない。
給付金などの子育て支援の対応が早くて助かる。2人目の保育料無料など。",スマートフォン（スマホ）;新聞・雑誌など,,子どもから高齢者まで安心して教育を受けられるまち;安心して結婚・出産・子育てができるまち;デジタル技術を活用したサービスが充実したまち,,"明石市のような子育て支援に特化したまちづくり。
武生中央公園のような大きな施設があると嬉しい。",
196,SR00019633,2023-08-01T19:42:59,女性,50～59歳,新横江（鯖江東小学校区）,サンドームがちかい。,町内の体育祭、夏祭りがありますがお年寄りメインであり、こんなところにお金を費やすよりも地区大会などで若い世帯が出てきたいと思える工夫をしないところ。,せっかくサンドームがあるのに、周囲に若者や家族連れで入れて寛げるカフェ、お店、公園、施設がない。新幹線のせいでさらに不便になると思う。,４．県内の他の市町に移りたい,西宮、横浜は都会すぎず過ごしやすい…車社会ではないので、電車内のお年寄りが背筋がピンと伸びて、とても素敵である。県内では嶺南や坂井市がお店が頑張っていて楽しいと感じる。真ん中の丹南地区が過疎。,歳をとって車の運転をしたくない。歩いてバス停や駅に行き目的を果たせる環境は素晴らしい。,スマートフォン（スマホ）;パソコン;新聞・雑誌など,,まちなみや景観が美しいまち;だれもが自由に移動できる交通利便性の高いまち;大型商業施設（複合型店舗）があり生活利便性や満足度が高いまち,,越前市と手を組んでもっと危機感を持ってほしい。どうしたら友達を連れて帰ってきたくなるか、交通手段を考える、そこに高齢者ではない雇用を生む会社を作るなど。,西山公園の周り、鯖江駅前駅裏で鯖江市がお店を作って、起業したい人に引き継ぐなど…給与が上がらず物価だけが上がる今、資金を貯めることも難しいので、スタートラインまで頑張ってもらいたい。ぐちゃぐちゃしたお店ではなく、落ち着いた通りに統一したらいい。
194,SR00019463,2023-08-01T17:49:10,男性,65～69歳,神明（神明・鳥羽小学校区）,"水害、崖崩れの不安ない地区である
駅も学校も近く環境にすぐれる",若い世帯の居住が進んでいない,"商業施設を充実させてほしい。
例　コストコ誘致",１．いま住んでる地区にずっと住み続けたい,,環境がよい。コストコ在ればもっといい,パソコン;スマートフォン（スマホ）;携帯電話（スマートフォン以外）,,まちなみや景観が美しいまち;人々のふれあいやコミュニティ活動が盛んで温かいまち;大型商業施設（複合型店舗）があり生活利便性や満足度が高いまち,,住みやすい街であるため、商業施設など充実させれば新しい世帯が増えるのでは？,なし
192,SR00019204,2023-08-01T12:54:15,男性,65～69歳,北中山,,県道25号線沿いにゴミを捨てていく人がある。実際に車から捨てて行く人を目撃したことはないが 3年前からあちこちで捨てられているので取り締まってほしい,,１．いま住んでる地区にずっと住み続けたい,,田舎で自然が豊かであること。 買い物にも困っていないこと,パソコン,,まちなみや景観が美しいまち;身近に自然を感じることのできるまち;安心して結婚・出産・子育てができるまち,,,
191,SR00019121,2023-08-01T12:25:19,男性,22～29歳,鯖江（惜陰・進徳小学校区）,"徒歩圏内に公園があったり、飲食店がいろいろある
また、駅近","川が近く洪水の可能性もあるので、安心できるように強化してほしい
服屋さんが少ない","?娯楽施設が少ない
?大学までの教育料が無償になるといい
（子供産む時にお金のことを考えなくていいようにしたいそうすることでみんなが子供を産みやすくなる）
?育休や産休等の補助金を増やしてほしい
（県からも出してほしい）
?太陽光パネル等の省エネに関する補助金を増やしてほしい",１．いま住んでる地区にずっと住み続けたい,,立地的にいい,スマートフォン（スマホ）;パソコン,,子どもから高齢者まで安心して教育を受けられるまち;スポーツに親しむ環境が整備されたまち;安心して結婚・出産・子育てができるまち,,,補助金を充実させてほしい
190,SR00019067,2023-08-01T10:43:45,女性,30～39歳,新横江（鯖江東小学校区）,"小学校が近いところ
近くに陸上競技場、文化センター、市民プールがあること",中学校の冬の通学が不便で高額。,義務教育期間中の給食費を無償にしてほしい。,１．いま住んでる地区にずっと住み続けたい,,暮らしやすいため,パソコン;スマートフォン（スマホ）;新聞・雑誌など,,高度な医療や福祉サービスが充実したまち;人々のふれあいやコミュニティ活動が盛んで温かいまち;大型商業施設（複合型店舗）があり生活利便性や満足度が高いまち,,今の子供達が成長した時に、魅力的な企業が少ない。,高校の授業料無償までいかなくても、給食費、通学費を無料にするなど、子供たちが健やかに成長する為に税金を使ってほしい。(一時金は不要)
189,SR00018981,2023-08-01T08:33:15,男性,60～64歳,神明（神明・鳥羽小学校区）,交通の便がいい。,空き地が荒れているところがある。空き家があり、土地が有効活用されていない。,高齢者より若者世代に投資を。,１．いま住んでる地区にずっと住み続けたい,,特に不便な点はなかったから。,スマートフォン（スマホ）,,まちなみや景観が美しいまち;産業が盛んで働く場所が充実したまち;安心して結婚・出産・子育てができるまち,,コンパクトシティ化して、災害に強い街づくりにする。,神明苑を廃止して宅地化して、若者世代に優先的に分譲を。新幹線の越前たけふ駅にかがやきを停車させる運動より、ハピリン鉄道の快速、新快速の設定や、北陸新幹線利用の場合、ハピリン鉄道は無料にする等、利用促進政策を。
188,SR00018850,2023-08-01T07:55:06,女性,30～39歳,立待,"春、堤防沿いの桜が綺麗。
夏には花火大会がある。","スーパーなどのお店まで遠いので、出張サービスみたいなのがあると助かります。
高齢化が進んでいるので、昔ながらのやり方にこだわらず、効率化をはかってほしい。
災害が増えてきているので、日野川が決壊するのが怖い。安心して暮らせる街になってほしい。","若い人の目線で物事を考えて欲しい。
当事者の意見を取り入れてほしい。
子供の遊べる施設を充実させて欲しい。
意見を伝える場がない。
水族館がほしい。（子供の意見です）",１．いま住んでる地区にずっと住み続けたい,,家を建ててるから,スマートフォン（スマホ）,,高度な医療や福祉サービスが充実したまち;防災対策や防犯対策が十分で安全安心に暮らせるまち;安心して結婚・出産・子育てができるまち,,,何か申請を出すと、すごく時間がかかったり、期限を守らないのを改善してほしいです。他の市町村ではできている事がなぜできないのかなぁと疑問です。
187,SR00018761,2023-08-01T07:19:18,女性,40～49歳,豊,特にありません,"地域活性に繋がる施設がほしい
",,３．市内の他の地区に移りたい,決まっていない,いい物件があれば転居希望,スマートフォン（スマホ）,,だれもが自由に移動できる交通利便性の高いまち;防災対策や防犯対策が十分で安全安心に暮らせるまち;大型商業施設（複合型店舗）があり生活利便性や満足度が高いまち,,"各地区に公園を作ってください。
近くに子どもの遊ぶ場所がありません。",
185,SR00018512,2023-07-31T23:10:18,女性,40～49歳,神明（神明・鳥羽小学校区）,"児童数が多く友達が多い
",子供繋がりのコミュニティはあるが、違う世代とは交流する機会が少ない,,１．いま住んでる地区にずっと住み続けたい,,特に不便は感じないから,パソコン;スマートフォン（スマホ）,,高度な医療や福祉サービスが充実したまち;身近に自然を感じることのできるまち;防災対策や防犯対策が十分で安全安心に暮らせるまち,,"環境破壊、地球温暖化、などにより子供たちに明るい未来が見えません。
そもそもゴミを作らない生活、燃やすゴミゼロ、なるべく自動車を使わない、使い捨て生活を改める、など、もう一段高いレベルで取り組むステージに来ていると思います。鯖江モデルとなるとなることを切に思います。
過酷な環境では、私たちの生活も成り立ちません。これまでの生活を維持する段階ではないと思います。",
184,SR00018423,2023-07-31T21:38:22,男性,50～59歳,神明（神明・鳥羽小学校区）,鯖江の中でも比較的に地区の行事参加が強制的ではなく、自主性に任されている,"今は車があるからよいが、コミュニティバスの便数が極端に少なく使えない
オンデマンドにして、小さい車にしたほうが、とても使いやすいと思います","子供を外で遊ばせる場所がない(越前市の中央公園みたいな施設)
",１．いま住んでる地区にずっと住み続けたい,,住みやすくて、お店も多く便利なので,スマートフォン（スマホ）;新聞・雑誌など,,歴史・伝統・芸術・文化を大切にするまち;安心して結婚・出産・子育てができるまち;産業が盛んで働く場所が充実したまち,,具体的ではないのですか、メガネで鯖江に来たいと思わせるコトが出来るといい,
183,SR00018327,2023-07-31T20:04:39,女性,50～59歳,片上,"空気がきれい。
閑静で穏やか。
","町内が山に囲まれ出入りする道路が１つしかない。
災害がある時は孤立してしまう。",県外の学校へ出た若者が地元へ戻って就職してほしい。,１．いま住んでる地区にずっと住み続けたい,,先祖代々、親が残してくれた土地を大切にしたいから,スマートフォン（スマホ）;新聞・雑誌など;テレビ,,産業が盛んで働く場所が充実したまち;まちなみや景観が美しいまち;若者や女性に選ばれる魅力のあるまち,,"今、少子化や高齢者への対策がよく言われるが
子供が大きくなってからの方がお金がかかる。
就職しても奨学金などの借金がある。地元へ帰省し就職したなら助成金を支給する等考えてほしい。
結婚や家を建てる事も難しい。","広報は、誰が見ても解りやすい言葉で書いてほしい。
年配の方が増えている。"
181,SR00018168,2023-07-31T17:19:40,男性,65～69歳,北中山,先日の大雨被害の復旧作業を区長が呼び掛け、60人が集まり約二時間で、行政の重機作業の残した土石等を自警団、女性、機械運転技能者など役割分担をして、撤去できた。このように、区民が協働する意識が高い町である。また、相続放棄された空家の周囲や所有地の草刈りを有志の方(複数)が町内美化のため、自主的に活動している、,"高齢者による野焼きの煙が漂うことに
配慮が足りない。",過疎化が進む東部と市街地である西武のバランスの取れた、特色を活かした投資や活性化へのビジョンを掲げて欲しい。,１．いま住んでる地区にずっと住み続けたい,,自然に囲まれ、利便性も悪くない場所だから,スマートフォン（スマホ）;テレビ;新聞・雑誌など,,防災対策や防犯対策が十分で安全安心に暮らせるまち;人々のふれあいやコミュニティ活動が盛んで温かいまち;まちなみや景観が美しいまち,,自然、文化、産業を活かして、交流人口を増やし、活力の豊かなまち。,越前市、福井市、大野市と連携した、８号新バイパス幹線道路の整備による、冬季雪対策と、沿線の企業誘致。
180,SR00018050,2023-07-31T15:56:28,男性,40～49歳,鯖江（惜陰・進徳小学校区）,鯖江駅が近く、交通の利便性が良い。,"道路・側溝・河川の雑草処理をしてほしい。
鯖江駅前通りのカラスの糞公害の対処をしてほしい。※衛生的にもイメージ的にもよくない
鯖江駅地下道東口側のプロジェクションマッピングの光量が落ちているので、部品を替えるか電源を落とした方が良い。","中心商店街の活性化。新規出店の家賃補助・駐車場の整備など賑わえる街の整備。既存店へのメリット創出と新規出店者の初期導入コストサポートが必要。
→バラバラと郊外に飲食店があっても街に面白みがない。市が主導となって飲食街を再構築して欲しい。
→私は飲食に携わるものではないが、北野エリアに「サバエ横丁」というのを民間で盛り上げようとしているが、それはそれでよいが、
　やはり駅前周辺を活性化して盛り上げてほしい。
→集中的に賑わう場所が必要だと思います。",１．いま住んでる地区にずっと住み続けたい,,"利便性が良いエリアだから。
・・・という思いはあるが、転勤者であるため「ずっと」はないと思います。
ただ、転勤者でも良い街だなと感じられるような街づくりをしていって欲しい。",スマートフォン（スマホ）;パソコン;テレビ,,まちなみや景観が美しいまち;安心して結婚・出産・子育てができるまち;人々のふれあいやコミュニティ活動が盛んで温かいまち,,"サンドーム福井があったり、大きな企業もあるため、人の往来も多い場所だと思います。
観光であれ、仕事であれ、その人の最初の「鯖江」のイメージは重要だと思います。
その窓口となる駅や幹線道路をまずはしっかり整備して、市のイメージづくりをしてほしい。","転勤族なので、いつまで鯖江にいるかわかりませんが、時間を作って地道に個人活動を進めたい。
夜の散歩しながらのゴミ拾い、GoogleMapのマチ情報の更新など「個」でもできることで街づくりの一助を担えたらと思います。
鯖江市の更なる発展を楽しみにしています。"
179,SR00017972,2023-07-31T13:02:48,男性,60～64歳,北中山,地区の活動が盛ん(特にまちづくり),"・地区内にみんなが集えるような大きな公園がない
","市の問題ではないが、夜のタクシーが少ない
JR駅にまったくいない",１．いま住んでる地区にずっと住み続けたい,,家があるし、地区とのつながりも深い,パソコン;スマートフォン（スマホ）,,まちなみや景観が美しいまち;スポーツに親しむ環境が整備されたまち;だれもが自由に移動できる交通利便性の高いまち,,,
176,SR00017677,2023-07-31T08:33:49,男性,30～39歳,豊,町内活動にうるさすぎない。,路上駐車が多くて危ない,若者、学生のアルバイトを集めにくい,４．県内の他の市町に移りたい,福井市,鯖江に特別大きい不満はないが、住み続ける理由もない。,パソコン;スマートフォン（スマホ）,,安心して結婚・出産・子育てができるまち;若者や女性に選ばれる魅力のあるまち;お店や娯楽施設が豊富で夜でもにぎやかさのあるまち,,,
175,SR00017532,2023-07-30T22:12:54,女性,30～39歳,神明（神明・鳥羽小学校区）,人が増えて活気がある,事故が多い交差点があり、こどもの登下校が不安,"日曜にやっている託児施設がない
",１．いま住んでる地区にずっと住み続けたい,,店や学校が近く、生活しやすいから,スマートフォン（スマホ）;新聞・雑誌など,,安心して結婚・出産・子育てができるまち;産業が盛んで働く場所が充実したまち;子どもから高齢者まで安心して教育を受けられるまち,,"娘が二人居るので、将来子どもたちが鯖江で暮らし、子育てをしたいと思えるよう、子育て支援をしてほしい。
学童の定員がいっぱいで窮屈そうなので、共働きの核家族が安心して働けるよう児童が増えている学校の学童を充実させてほしい。",隣の越前市にある武生中央公園のような大型遊具のある公園がほしい
174,SR00017449,2023-07-30T22:05:12,女性,40～49歳,鯖江（惜陰・進徳小学校区）,西山公園や駅が徒歩圏内にある,特にない,"大きな病院が福井市に行かないとない
",１．いま住んでる地区にずっと住み続けたい,,特に大きな不満はないから,スマートフォン（スマホ）;パソコン;新聞・雑誌など,,高度な医療や福祉サービスが充実したまち;人々のふれあいやコミュニティ活動が盛んで温かいまち;防災対策や防犯対策が十分で安全安心に暮らせるまち,,,以前コロナワクチンに関する意見を市役所にメールで送ったが、何も返事はなかった。忙しかったのかもしれないが、市民の意見には何らかの反応を返してほしい。
173,SR00017366,2023-07-30T21:35:53,男性,30～39歳,神明（神明・鳥羽小学校区）,"鯖江横丁ができたり、近所に買い物や飲食店などが多く、便利。
",特になし,"スポーツができる環境を充実させてほしい
",１．いま住んでる地区にずっと住み続けたい,,住みやすいから,スマートフォン（スマホ）,,スポーツに親しむ環境が整備されたまち;安心して結婚・出産・子育てができるまち;子どもから高齢者まで安心して教育を受けられるまち,,,
172,SR00017215,2023-07-30T19:49:06,男性,50～59歳,新横江（鯖江東小学校区）,"自然が豊かであり、でも隣り合わせで生活に便利な8号線沿いの街並みもあるところ
　こさらい清水など、綺麗な水もある",特にはない,"　新しい鯖江スタイルを築いて欲しい。
老人にも、若年層にも共存できる偏らない市になって欲しい",１．いま住んでる地区にずっと住み続けたい,,今の場所がとても気に入っているから,スマートフォン（スマホ）;パソコン;テレビ,,スポーツに親しむ環境が整備されたまち;歴史・伝統・芸術・文化を大切にするまち;個性を尊重し多様なライフスタイルが実現できるまち,,デジタルを活用して老若男女問わず個性が発揮できる街、柔軟に固定観念にとらわれない政策に挑戦できる市であって欲しい。,特になし
170,SR00017081,2023-07-30T18:28:41,男性,60～64歳,鯖江（惜陰・進徳小学校区）,生活に必要な機関（病院、市役所、郵便局、公共交通機関駅、等）に近く、西山公園にも近い。,町中の八百屋やスーパーマーケットが、廃業、移転し、郊外まで出かける必要があるところ。,百条委員会が発足するような市議会での混乱が生じないような、市民重視の前向きで開かれた市政の運営を切望します。,１．いま住んでる地区にずっと住み続けたい,,前向きな市民重視の市政に期待したいから,スマートフォン（スマホ）;新聞・雑誌など;パソコン,,産業が盛んで働く場所が充実したまち;安心して結婚・出産・子育てができるまち;身近に自然を感じることのできるまち,,生活基盤、労働環境、自然環境の充実、及び、若者から高齢者まで安心して暮らせる活気ある街,先日、区長からの指示に従い、鯖江市文化センターでの防災講習に参加しましたが、このようなイベントは素晴らしく、一般参加もできるように案内されてはいかがでしょうか?
169,SR00016916,2023-07-30T17:19:58,男性,65～69歳,新横江（鯖江東小学校区）,町内会共同作業への参加率が高いところ,子ども若者が増えていくこと,子ども若者の人口比率が上がっていくこと,１．いま住んでる地区にずっと住み続けたい,,生まれたときから住んでいて住みやすいから,パソコン;スマートフォン（スマホ）;新聞・雑誌など,,地域資源を活かした観光交流が盛んなまち;安心して結婚・出産・子育てができるまち;防災対策や防犯対策が十分で安全安心に暮らせるまち,,若者や子どもたちが夢と希望を持てるよう鯖江の良さを伝えていくこと,鯖江の歴史を次世代に伝えて守っていくこと
168,SR00016804,2023-07-30T14:36:49,女性,60～64歳,鯖江（惜陰・進徳小学校区）,西山公園があり、道の駅、嚮陽会館の庭など緑が多いし電車も近いし、生活には、とても便利なエリアです。,金融機関が近くに欲しい。,,１．いま住んでる地区にずっと住み続けたい,,住みやすい。,スマートフォン（スマホ）;テレビ;新聞・雑誌など,,高度な医療や福祉サービスが充実したまち;だれもが自由に移動できる交通利便性の高いまち;防災対策や防犯対策が十分で安全安心に暮らせるまち,,,
167,SR00016763,2023-07-30T13:00:05,女性,60～64歳,立待,"日野川があり、堤防が整備されているし、日野山を正面から、望めるので、美しいです。
西山公園は、大好きです。時々、散歩します。きれいで整備されているし、木、草花もあり、自然にあふれています。","高齢化、高齢夫婦世帯また、一人世帯などが増えているので、地区の行事、役などへの参加がだんだん困難になってきています。自分もそうです。空き家または、古くなった家などの、解体をしたいが、費用のことをかんがえると、なかなか手がつけられない。また、政府は、子育て重視のため、シニア世代、シルバー世代には、とても厳しい政策がとられている。子供の減少は、最大の問題であるのはりかいしていますが。
",パチンコ店などの娯楽施設が、鯖江市は多い気がします。以前よりは、減っている？　市の図書館がせまい、行っても、特に夏休み中は、座って本に親しむことができません。もう少し、大きい充実したものになればとおもいます。,１．いま住んでる地区にずっと住み続けたい,,いろいろな事情があるので、今の所に住むつもりだが、老後は、県外での暮らしもかんがえるときもあります。,スマートフォン（スマホ）;ラジオ;新聞・雑誌など,,高度な医療や福祉サービスが充実したまち;安心して結婚・出産・子育てができるまち;防災対策や防犯対策が十分で安全安心に暮らせるまち,,今より充実した、新図書館。子供の減少により、児童数が少ない小学校などの運営などの見直しを今後、考えていくほうがよいとおもわれる。,最低賃金が改正されました。鯖江市全体は、とても低いです。
166,SR00016673,2023-07-30T12:16:47,男性,65～69歳,片上,文殊山のふもとである。,近くに、コンビニとかドラッグストアがあると良い。,もっと、隣接する福井市とか越前市より、個性的になってほしい。,１．いま住んでる地区にずっと住み続けたい,,別のところに移り住みたいような積極的理由がないから。,パソコン;携帯電話（スマートフォン以外）;テレビ,,まちなみや景観が美しいまち;デジタル技術を活用したサービスが充実したまち;産業が盛んで働く場所が充実したまち,,さらに少子高齢化が進めば、山間部から廃村になっていき、人口が減少する。,「SDGsの17の開発目標」なんかに参加せずに、鯖江市独自の目標を立てて、推し進めていってほしい。
164,SR00016425,2023-07-30T11:58:05,女性,30～39歳,吉川,のどか。,"お店がほとんどない。
子どもだけで行けるようなお店があると良い。
駅が遠い。",大きな商業施設があると良い。,３．市内の他の地区に移りたい,神明地区,駅が近く、お店があちこちにあって住みやすそう。,スマートフォン（スマホ）;テレビ;ラジオ,,安心して結婚・出産・子育てができるまち;大型商業施設（複合型店舗）があり生活利便性や満足度が高いまち;高度な医療や福祉サービスが充実したまち,,,
163,SR00016399,2023-07-30T11:45:44,男性,16～17歳,神明（神明・鳥羽小学校区）,"近くに広い公園があり、外で運動できる
","娯楽施設が少ない
",娯楽施設を増やしてほしい,２．一度、市を出て、また帰ってきたい,,今の自分にはできることが限られているので成長してより地域に貢献したいから。,スマートフォン（スマホ）;タブレット端末,,子どもから高齢者まで安心して教育を受けられるまち;安心して結婚・出産・子育てができるまち;人々のふれあいやコミュニティ活動が盛んで温かいまち,,,
162,SR00016272,2023-07-30T11:10:00,男性,40～49歳,神明（神明・鳥羽小学校区）,住みやすいところ,冬場の除雪の対応が悪いので、融雪装置をつけてほしい,商業施設を増やしてほしい,１．いま住んでる地区にずっと住み続けたい,,自宅げあるから,パソコン;スマートフォン（スマホ）,,まちなみや景観が美しいまち;大型商業施設（複合型店舗）があり生活利便性や満足度が高いまち;デジタル技術を活用したサービスが充実したまち,,メガネ以外のインパクトがあるものを作る,
161,SR00016191,2023-07-30T09:43:22,男性,50～59歳,吉川,"災害がなくて、買い物に出かけるのにも便利でとても住みやすいところです
","防犯カメラや街灯をもっと増やして欲しい
","特急がなくなるので、快速電車の本数を増やして欲しい
鯖江駅から越前たけふ駅迄のアクセスを充実して欲しい",１．いま住んでる地区にずっと住み続けたい,,"地元には、友人や知人なども多く、住みやすいし
職場も近いから",スマートフォン（スマホ）;ラジオ;新聞・雑誌など,,安心して結婚・出産・子育てができるまち;防災対策や防犯対策が十分で安全安心に暮らせるまち;まちなみや景観が美しいまち,,"婚活イベントなどを開催して、若者の交流できる機会を増やして欲しい
結婚して鯖江市に住むなら、メリットを増やして魅力ある街づくりを推進して欲しい","人口減少対策に取り組んで欲しい
諸手続きを窓口に行かなくても、スマホなどでできるようにして欲しい"
160,SR00016015,2023-07-30T09:05:20,,50～59歳,立待,静かなところ,近所付き合いがあまりない。,"交通機関が少ない。
つつじバスは走っているが、他のバスが通っていないから、車がないとどこにも行けない。",１．いま住んでる地区にずっと住み続けたい,,通学する子供にとっては駅までが遠いので不便ですが、車での移動だと、隣の市(越前市、福井市、越前町)へ行くにはとても便利です。,スマートフォン（スマホ）;パソコン;タブレット端末,,防災対策や防犯対策が十分で安全安心に暮らせるまち;若者や女性に選ばれる魅力のあるまち;人々のふれあいやコミュニティ活動が盛んで温かいまち,,,
159,SR00015920,2023-07-30T08:59:55,女性,40～49歳,吉川,"自然豊かで静かな環境。
近所の人達が仲良く助け合えている。","つつじバスのダイヤを増やしてほしい。
改正前は、二丁掛バス停は豊線でJRまで便利だったが、改正後、吉川線になってしまいとても不便になった。家族が利用しているので、元に戻してほしい。",イオンモールがない県は、福井県と鳥取県のみなので、イオンモールができてほしい。,３．市内の他の地区に移りたい,神明地区、鯖江地区,商業施設や病院など、車での移動じゃないと行けないので、将来、免許返納などした後、徒歩や自転車で買い物等できるから。,スマートフォン（スマホ）;テレビ,,高度な医療や福祉サービスが充実したまち;だれもが自由に移動できる交通利便性の高いまち;大型商業施設（複合型店舗）があり生活利便性や満足度が高いまち,,,
158,SR00015852,2023-07-30T07:30:03,女性,30～39歳,鯖江（惜陰・進徳小学校区）,公園や子育て支援センター、商業施設などが近くにあり利便性が高い,まだ越してきたばかりでよくわからない,"・子パンダランドの整備をお願いしたい
せっかく良い施設なのに、遊具の劣化が気になる
・待機児童の解消(仕事を始めるタイミングと保育園への入所希望を出す時期にズレがあり、保育園に入れることができず就職も諦めた)
→フルでの働き始めが4月だと、そこまで無職という扱いになるのか入所の優先順位が低い。採用されても預け先がないと結局就職を諦めざるをえない。",１．いま住んでる地区にずっと住み続けたい,,利便性の面や子育ての面から住みやすさを感じているから,スマートフォン（スマホ）;テレビ;新聞・雑誌など,,子どもから高齢者まで安心して教育を受けられるまち;安心して結婚・出産・子育てができるまち;人々のふれあいやコミュニティ活動が盛んで温かいまち,,子どもたちが安心して教育を受けられたり、活動(遊んだり)したりすることができる町になってほしい,
157,SR00015799,2023-07-30T07:27:36,男性,30～39歳,鯖江（惜陰・進徳小学校区）,"町内に子どもが遊べる２つの公園がある。
納涼祭をはじめ、地域での催し物が年間にいくつか計画されている。高齢者の方々がとても優しく、子どもに声をかけてくれる。",地域の催し物がある反面、一つ一つの規模や準備にかける時間などが負担になっている。催し物をなくすというより、より簡易化していく必要があると考える。（核家族、共働きの子育て世代が多いため）,"夜間や休日などに駆け込める医療機関がほしい。（特に子ども医療機関）
西山公園のパンダランドの遊具が劣化している。定期的な整備をしてほしい。",１．いま住んでる地区にずっと住み続けたい,,生まれ育った場所だから。,スマートフォン（スマホ）;テレビ;新聞・雑誌など,,高度な医療や福祉サービスが充実したまち;安心して結婚・出産・子育てができるまち;子どもから高齢者まで安心して教育を受けられるまち,,"今もたくさんの取り組みがあるが、これからを担う若い世代が、さらに安心して子育てや生活ができるようにしてほしい。
古い体制を一新し、市議会選で当選した新人のみなさんが、しっかりと活躍できる議会であってほしい。",未満児が保育園に入りづらいのは承知の上だが、保育士を増やして受け幅を広げてほしい。昔に比べ、物価の上昇など、生活にかかるお金が増えている。子どもを産んだらなるべく早く仕事に復帰しないと、生活に影響が出る。そのためには、保育士の待遇改善や基準の変更など色々と課題はあると思うが。これまで鯖江市を創り上げてくださった高齢者の方々にはもちろん感謝しているが、今、1番手をかけなければいけないのは、子どもに関することだと思う。他の市町村にない、鯖江市ならではの様々な取り組みを早急に進めていかないと、10年、20年先の鯖江市が成り立たなくなっていくのではないか。国が「異次元の…」と謳っているが、行動や内容に全く期待できない。明石市のような思い切った政策に期待したい。
156,SR00015625,2023-07-30T06:43:48,女性,30～39歳,北中山,自然が豊かな所,"少子化が進んでいて子供が増える政策をしてほしい
先日の大雨で川が決壊しそうだったので災害をして欲しい
","子供が中で遊ぶ所が少ない
モールなど商業施設を充実させてほしい
洪水などならないように対策をしてほしい",１．いま住んでる地区にずっと住み続けたい,,主人の実家が近く、また自然が豊かなので教育にいいと思うから,スマートフォン（スマホ）,,子どもから高齢者まで安心して教育を受けられるまち;安心して結婚・出産・子育てができるまち;大型商業施設（複合型店舗）があり生活利便性や満足度が高いまち,,"擬似職業体験ができる施設や昆虫博物館、プールなど内外で出来る所が欲しいです。
人が集まりそうな所を作って欲しいです。
オムツを無料化して欲しいです。
子供服が安く手に入る場所が欲しいです。
自然を生かた農業体験施設があるといいです。",
154,SR00015431,2023-07-29T20:04:28,男性,30～39歳,新横江（鯖江東小学校区）,湧水がある,マンションが増えゴミ出しのルールが守られていない,"若い世代のコミュニティの場が欲しい
大型商業施設を誘致して欲しい",５．県外に移りたい,愛知県,老後の暮らしを考えて,スマートフォン（スマホ）;テレビ;新聞・雑誌など,,大型商業施設（複合型店舗）があり生活利便性や満足度が高いまち;安心して結婚・出産・子育てができるまち;スポーツに親しむ環境が整備されたまち,,"テーマパークのある鯖江
商業施設のある鯖江
県外から多くの人が訪れるような鯖江","もっと企業を誘致し、法人税による税収を上げる。それにより市民税を抑える。抑えた分で消費を上げ市の経済が潤滑できるサイクルを作る。少子化対策、また若い世代が永く住めるよう、例えば婚姻に対して市から補助金で助成するといった市独自の施策を策定してみてはどうか。市民の血税を無駄に使って欲しくない。発展の為には越前市を超越する市政が必要なのではないだろうか。
コンサートなどで鯖江駅にたくさんの人が集まる時があるが、駅前が閑散としているのが勿体無い。折角の商機なので駅前、駅裏をもっと開発すべき。
"
153,SR00015351,2023-07-29T19:50:20,男性,65～69歳,中河,"
山中の砂防ダム迄の500m山道整備すれば、よい山中散策道になる。
山沿いに森林の中、3メートル幅、300mの猪管理道路は散策に気持ちいい。
","暑い中での、社会奉仕の浅水川堤防草刈作業。昨年からお茶を配布してます。軽トラ荷台に乗り合いも違法と知りながら、仕方なく行っている。
トラクターで行う事に変えられないか。
",高齢者の公共交通機関を、利用しやすい方法を企画してほしい。,１．いま住んでる地区にずっと住み続けたい,,"高齢、住み慣れた、新幹線開通や東海北陸自動車道との接続や冠山トンネル開通よる変化を楽しみたい。
",スマートフォン（スマホ）;テレビ,,安心して結婚・出産・子育てができるまち;若者や女性に選ばれる魅力のあるまち;まちなみや景観が美しいまち,,"鯖江市に、ドライブ/散策、のコースを目一杯設定し、交流/動きを一般の村の人も許容できた中で行える様にする。
50コース程。",前向きでの企画、活動をお願いします。
152,SR00015200,2023-07-29T19:38:13,男性,30～39歳,立待,自然豊かで、静かなところだけど、近くにスーパーなど、必要な施設が整っているところ。,除雪車がすぐに来てくれないところと、休耕田の草刈りを、持ち主がしてくれず、市役所に訴えても、そのままなところ。,農薬を使わない街にしてほしい。,１．いま住んでる地区にずっと住み続けたい,,生活する上で、何も困らないから。,スマートフォン（スマホ）;テレビ;新聞・雑誌など,,安心して結婚・出産・子育てができるまち;産業が盛んで働く場所が充実したまち;デジタル技術を活用したサービスが充実したまち,,"回覧板をデジタル化して、経費を浮かす。
田んぼをどんどん潰して、家を建てている現状があるが、持続可能な開発とは言えないと思う。古い家を壊して、建て替えをしやすくするように、税金を優遇するなど、何か措置を考えてもいいのではないかと思う。",教育に使うお金をもっと増やし、支援員の待遇を改善しなければ、なり手がなく、教育の質を落とす要因となりかねない。予算をもっと、教育に配分してください。
150,SR00015045,2023-07-29T16:39:22,女性,40～49歳,神明（神明・鳥羽小学校区）,スーパー、病院などが近く、生活しやすい。,高年齢の方の運転、横断などの交通マナーが悪い。危ない。,,１．いま住んでる地区にずっと住み続けたい,,家も建てたし、住みやすいから。,スマートフォン（スマホ）;テレビ;新聞・雑誌など,,大型商業施設（複合型店舗）があり生活利便性や満足度が高いまち;防災対策や防犯対策が十分で安全安心に暮らせるまち;高度な医療や福祉サービスが充実したまち,,,
149,SR00014913,2023-07-29T16:38:09,男性,40～49歳,鯖江（惜陰・進徳小学校区）,近くにいろんな場所があり、子育てに向いている。,高齢化や世代交代という言葉で若い世代に負担を強いている。,高齢者も含めた活動ができる企画をしてほしい,２．一度、市を出て、また帰ってきたい,,人生の最後に住んでいたいから,スマートフォン（スマホ）;新聞・雑誌など,,人々のふれあいやコミュニティ活動が盛んで温かいまち;防災対策や防犯対策が十分で安全安心に暮らせるまち,,高齢者も当事者になるような、なれるような助け合える市。,Q12を実現するための意識付けをお願いします。
148,SR00014830,2023-07-29T15:24:14,女性,30～39歳,立待,,"住宅が増えて日陰がない。
新しい住宅が増えても誰が住んでいるのか分からない。",他から観光に来る人だけでなく今、住んでいる人にも優しい街づくりをしてほしい。,１．いま住んでる地区にずっと住み続けたい,,どこに出掛けるにも利便性がいいから。,スマートフォン（スマホ）;新聞・雑誌など;テレビ,,まちなみや景観が美しいまち;産業が盛んで働く場所が充実したまち;身近に自然を感じることのできるまち,,,障害のある人やその家族が周りの環境に馴染める、安心して相談できる人が身近にいるようにして欲しいです。私自身は役所にどうにかしてほしいのではなくまずは「話していいよ」と言ってもらえる場所が欲しかったから。
145,SR00014575,2023-07-29T11:41:57,男性,65～69歳,鯖江（惜陰・進徳小学校区）,8号線の近くでべんり、更に日野川が近く自然豊か,公共の交通機関の便が悪い。車以外の交通手段が無いと不便である。,生活に根ざしたコミュニティ活動があると良い。,１．いま住んでる地区にずっと住み続けたい,,日常的に便利で困っていることもない。,パソコン;テレビ;新聞・雑誌など,,安心して結婚・出産・子育てができるまち;人々のふれあいやコミュニティ活動が盛んで温かいまち;身近に自然を感じることのできるまち,,昔から続いている活動や付き合いが、高齢化や少子化が進む中でそのままでは維持できない状況になっている。現状に合わせて変えて行き快適にする取り組みが大事と考える。,
144,SR00014428,2023-07-29T09:38:56,女性,16～17歳,神明（神明・鳥羽小学校区）,"子供が多くて、にぎやか。
お店や公園が沢山あって、便利",交通量が多い交差点に、信号がないところがある,高校生が遊べる場所を増やしてほしい,１．いま住んでる地区にずっと住み続けたい,,ショッピングセンター、映画館、駅など　が近く、コンビニもたくさんあり、住みやすいから。,スマートフォン（スマホ）;新聞・雑誌など;テレビ,,地域資源を活かした観光交流が盛んなまち;安心して結婚・出産・子育てができるまち;人々のふれあいやコミュニティ活動が盛んで温かいまち,,移住してくる人が増えてほしい,中学校のプールを使えるようにしてほしい
143,SR00014372,2023-07-29T09:27:29,女性,30～39歳,鯖江（惜陰・進徳小学校区）,近くに、スーパー、コンビニ、病院、美容室等、生活に欠かせない施設が揃っており、利便性は多少は良いところ。,新築住宅が増えることで、町内の人数が増え、にぎやかにはなるが、その反面、治安が悪くならないか心配ではあるところ。,"
子育て世帯に対する支援がもう少し手厚くなってほしい。",１．いま住んでる地区にずっと住み続けたい,,今住んでいる場所に住みにくさは感じていないから。,スマートフォン（スマホ）;新聞・雑誌など;テレビ,,子どもから高齢者まで安心して教育を受けられるまち;高度な医療や福祉サービスが充実したまち;防災対策や防犯対策が十分で安全安心に暮らせるまち,,,
141,SR00014113,2023-07-29T08:35:48,男性,50～59歳,鯖江（惜陰・進徳小学校区）,西山公園,ごみ当番のためのベンチや屋根があると良い,人口増加のための施策,５．県外に移りたい,神奈川,除雪が大変、娯楽が少ない,パソコン;スマートフォン（スマホ）,,お店や娯楽施設が豊富で夜でもにぎやかさのあるまち;若者や女性に選ばれる魅力のあるまち;だれもが自由に移動できる交通利便性の高いまち,,"福井駅前のベンチが恐竜型になっているように、景観に面白いアイデアを盛り込んだSNS映えのする町。

大野市発ですが、醤油カツ丼は全国にもっとアピールすべき。鯖江でも味見屋さんなど美味しいお店があります。
あっさり醤油とたっぷり野菜とカツの組み合わせは新しい発明です。
しかし県内でも知ってる人はまだ少ないように思います。
ソースカツ丼と対を張る定番メニューに育てられるよう、大野市と協力して発信していけないでしょうか。

西山公園の周辺に、カフェや娯楽などの集客施設を。

",
140,SR00014052,2023-07-29T06:08:54,女性,40～49歳,神明（神明・鳥羽小学校区）,周りに何でもあり便利,もう少し室内て遊べる体育館やスポーツセンターが欲しいです。子供のスポーツ教室は沢山あるけど、文化系の教室が少ない。絵画教室、イラスト教室が欲しいです。,ユニクロ、アミングが、近くに欲しいです。福井や越前市まで行くのが不便です。,１．いま住んでる地区にずっと住み続けたい,,交通の便、土地が高く災害のリスクが低い、病院、学校が近いから,スマートフォン（スマホ）;新聞・雑誌など,,安心して結婚・出産・子育てができるまち;子どもから高齢者まで安心して教育を受けられるまち;スポーツに親しむ環境が整備されたまち,,雨でも子供から大人まで楽しめる娯楽施設が欲しいです,子供の手当て、教室資金をもっと充実させて欲しいです。
139,SR00013918,2023-07-28T22:11:05,男性,65～69歳,鯖江（惜陰・進徳小学校区）,徒歩圏内に医療機関、学校、金融機関があることです。,町内会員の高齢化が進み、会の運営や、役員さん達に負担がかかりつつあります。,生活圏の拡大はしなくていいですから、もっとコンパクトで便利な街に変わってほしいです。,１．いま住んでる地区にずっと住み続けたい,,生まれて育った街だからです。,スマートフォン（スマホ）;ラジオ;新聞・雑誌など,,だれもが自由に移動できる交通利便性の高いまち;お店や娯楽施設が豊富で夜でもにぎやかさのあるまち;防災対策や防犯対策が十分で安全安心に暮らせるまち,,コンパクトシティーを目指してほしいです。,交通の利便性をあげて欲しいです。
137,SR00013714,2023-07-28T21:03:56,男性,75歳以上,神明（神明・鳥羽小学校区）,総体的に閑静であり、買い物をする店舗が身近にあり、住みやすい所です。,子供さんがもっと外で元気よく遊べる環境づくり（一部屋根付き公園等）を考えて欲しい。,"鯖江市役所職員のブレイクスルー（現状打破）意識の向上の為にも、早急に若返り化を計って欲しい。
前例踏襲の環境からの脱却をし、新しい意見を取り入れる環境づくりが必要かと思います。
その為にも、役職定年制の早期実施を実現して欲しい。",１．いま住んでる地区にずっと住み続けたい,,来春の新幹線の敦賀までの延伸で益々鯖江市の存在感が益々薄れていきますが、それを如何に脱却するか、市政を見守って行きたい。,パソコン;テレビ;新聞・雑誌など,,歴史・伝統・芸術・文化を大切にするまち;人々のふれあいやコミュニティ活動が盛んで温かいまち;若者や女性に選ばれる魅力のあるまち,,"子育て支援についても独自性が無く、物まねにすぎません。実際の当事者の意見をもっと取り上げて実行する仕組みを早急に作って欲しい。
年配者の発想に頼っていては、益々後進市になり、取り残されると思います。",若者の発想を取り入れて、失敗しても責める事をせず、それを糧にして、更にステップアップする環境づくりの整備。
135,SR00013507,2023-07-28T17:41:13,女性,22～29歳,神明（神明・鳥羽小学校区）,"人柄がいいところ。大きな病院や保育園、学校があり、育児や介護しやすい地区だと思う。
",特になし。,"婚姻、引越しなど祝い事に関する給付金があるといいと思う。
",１．いま住んでる地区にずっと住み続けたい,,今住んでいる場所が住みやすいため。,スマートフォン（スマホ）;テレビ;新聞・雑誌など,,安心して結婚・出産・子育てができるまち;若者や女性に選ばれる魅力のあるまち;歴史・伝統・芸術・文化を大切にするまち,,"若い世代の人の人口が増え、子育てしやすい街になってくれるといいなと思います。
私自身も鯖江での婚姻、子育てを考えています。住みやすい地域なので、若い世代への支援が増えるとよりよくなるのではと思います。
例えば永平寺町が行っているように鯖江で婚姻するカップルに対して引越し費用や祝金を出すなどすると、鯖江に定住したい若い世代は増えるのではと思います。",
134,SR00013498,2023-07-28T17:40:37,男性,22～29歳,神明（神明・鳥羽小学校区）,保育園が学校が徒歩圏内にあり、子育てがしやすい。,"近所見通しの悪い交差点があり、危険である。
例.ささきミートから2、30m直進したところにある交差点など
ガードレールの設置を検討していただきたい。",若い世代、子育て世代向けの支援制度を拡充してほしい。,１．いま住んでる地区にずっと住み続けたい,,総合的に見て住みやすい街だと思うから。,パソコン;スマートフォン（スマホ）;携帯電話（スマートフォン以外）,,歴史・伝統・芸術・文化を大切にするまち;安心して結婚・出産・子育てができるまち;若者や女性に選ばれる魅力のあるまち,,,"税金の使途の無駄をなくすだけでなく、市民生活に必要不可欠なところには重点的に予算を割り振って欲しい。
特に近年では、大雨による水害のリスクが高まってきているため、冠水の恐れのあるアンダーパスの高架化や、氾濫の恐れのある川沿いに堤防を設置することが急務だと考える。"
133,SR00013304,2023-07-28T16:58:21,男性,60～64歳,鯖江（惜陰・進徳小学校区）,自慢できるところは特になし,商店街を充実させてほしい　商店街へ行けば何でもそろって、コミュニケーションの楽しさがある商店街,昭和の時代に決めた事をかたくなに取り組まず、令和にあったイベントや事業としてください,４．県内の他の市町に移りたい,石川県金沢市,電車　バスなど交通が便利　,パソコン;スマートフォン（スマホ）;テレビ,,産業が盛んで働く場所が充実したまち;だれもが自由に移動できる交通利便性の高いまち;人々のふれあいやコミュニティ活動が盛んで温かいまち,,丹南地区の市町村合併。福井市から人が移動する市町を目指す。,
132,SR00013212,2023-07-28T14:50:30,女性,50～59歳,神明（神明・鳥羽小学校区）,あまりない,"町内会の入会を自由にしてほしい
町内会費が高い

ゴミの分別が面倒","高齢者が住みやすくなるようにしてほしい
町内会を自由に入退できるように変わってほしい",４．県内の他の市町に移りたい,越前市か福井市,鯖江市は掃除などの行事も多いし虫も多くて窓が開けられない,スマートフォン（スマホ）;テレビ,,お店や娯楽施設が豊富で夜でもにぎやかさのあるまち;大型商業施設（複合型店舗）があり生活利便性や満足度が高いまち,,高齢者に無料でのお買い物に行けるバスを運行してほしい。子育て世代だけではなく鯖江市に住んでいる人全員にサービスがあるような町にしてほしい,"世の中が子育て世代ばかり優遇しているので鯖江市だけでも鯖江市民全員が優遇されるような政策を考えてほしい
鯖江市のゴミ分別が多すぎて大変です。どうにかしてください。
"
131,SR00013165,2023-07-28T12:16:00,女性,50～59歳,北中山,紫陽花、のどかなところ、福井市にも越前今立にも近い所。スーパーマーケットやGENKYなどお店にも困らないところ。,公共交通が利用できるように人数把握とか登録とか最近してバスでなくてもできるのではないかと思います。地域の小学生や中学生が減りつつあるので、他所から通えないかと思います。又は移住出来ないかと思います。,8号線より西の地区は人がたくさんいて栄えていますが、東は人が減りつつあるので、不公平だと思います。なんとかしてほしいと思います。,１．いま住んでる地区にずっと住み続けたい,,車を乗って運転する時には混んでないので運転しやすいです。また、親切な人が多いです。コミュニテｨがある時代に育ったのでその辺は感謝しています。,スマートフォン（スマホ）,,子どもから高齢者まで安心して教育を受けられるまち;デジタル技術を活用したサービスが充実したまち;安心して結婚・出産・子育てができるまち,,コミュニテｨがあったお陰で災害時に助けてもらったり出来たと思いますが、最近の若い人は行事にも全く顔を出さない人もいて、それってどうなの？と思います。,人が住んでいない家なのに夜中電気がついていたり、泥棒が入ってもわからない程、人が減ったらどうしようと思う日々です。
130,SR00013058,2023-07-28T10:10:00,女性,40～49歳,中河,静かな民家がありながら、総合商業施設もあり、住みやすい地域です。,高齢化が進み、近くの児童館で行事が行われにくいので交流が少なくなっているところや若い世代か引っ越しなどでこの地域にきても馴染んでいない傾向にあること,近くの公園の有効活用ができていない。例えば西山公園でしている、マルシェを近くの公園でしたり、公園の草むしりや側溝掃除を鯖江市のイベントとしてとりいえる。ごみの分別講習を積極的に地域に出向いて伝えていく。小・中学校の生ごみ処理機義務化など、こっそりするのではなく、表に出て伝えていく姿勢が公園ももっと潤い、近所の交流も増え、災害時に協力して行動して行けると思います。,１．いま住んでる地区にずっと住み続けたい,,生まれてずっとここにいて、外に出て行ってしまっては地域が発展していかないと思うからです。,スマートフォン（スマホ）;新聞・雑誌など;テレビ,,子どもから高齢者まで安心して教育を受けられるまち;地域資源を活かした観光交流が盛んなまち;人々のふれあいやコミュニティ活動が盛んで温かいまち,,プライバシーと地域同士の交流は相互がバランスよく機能していかなければならない問題ですが、誰かがしてくれるだろうという意識を1人1人が持つべきだと思います。空き家が鯖江市は増えているなかで新しい事業をしたくても土地が高かったりして断念している方もいると思うので、期間をもうけて空き家を解放し事業にチャレンジしてみる機会をたくさん作ってみてはどうでしょうか？商店街の活性化、鯖江市の祭りの盛り上がり全てにおいてとても元気に循環していけると思います。,
129,SR00012913,2023-07-28T08:10:08,女性,50～59歳,神明（神明・鳥羽小学校区）,住みやすい,福祉施設が少ない,商業施設、飲食店がもっとあればいい,１．いま住んでる地区にずっと住み続けたい,,住みやすい,スマートフォン（スマホ）;新聞・雑誌など;パソコン,,高度な医療や福祉サービスが充実したまち;だれもが自由に移動できる交通利便性の高いまち;大型商業施設（複合型店舗）があり生活利便性や満足度が高いまち,,,
128,SR00012815,2023-07-28T07:56:35,男性,30～39歳,立待,融雪装置が多くついている,交通量が多く、子供の歩行の際に危なく感じます。標識や夜のライト等の設置や修繕をして欲しいです。,若い人が集まるような大型のスーパー、ショッピングモールを作って、活気を取り戻して欲しい。エルパくらいなら簡単に人気を超えられると思います。,１．いま住んでる地区にずっと住み続けたい,,のどかで過ごしやすい為。立待小学校付近の交通量や道、標識等は危なく感じるので、しっかりして欲しいです,パソコン;スマートフォン（スマホ）;テレビ,,人々のふれあいやコミュニティ活動が盛んで温かいまち;若者や女性に選ばれる魅力のあるまち;お店や娯楽施設が豊富で夜でもにぎやかさのあるまち,,"福井市はエルパで満足してそうですが、
他県に比べるとクオリティが低いので、
鯖江市からショッピングモール等で若者を集められると思います","本当に立待小学校付近の交通量は多いし、見通しも悪いので、標識やライト、カーブミラーを改善して欲しいです。
お忙しいとは思いますが、対応して頂きたいです。宜しくお願いします"
127,SR00012754,2023-07-28T01:11:22,男性,30～39歳,神明（神明・鳥羽小学校区）,"・ショッピングセンターが近くにあって便利。
・町内会がうまく機能している。
・子どもが多くにぎやか。",・アパートやマンション住人のマナーが良くない（ゴミ捨てなど）。,・子どもの遊び場施設が不十分なところ。,１．いま住んでる地区にずっと住み続けたい,,・住みやすいから。,スマートフォン（スマホ）;テレビ;新聞・雑誌など,,歴史・伝統・芸術・文化を大切にするまち;スポーツに親しむ環境が整備されたまち;安心して結婚・出産・子育てができるまち,,"鯖江はコンパクトシティで車があれば、必要なものがすぐそろいます。なので、非常に住みやすいです。
越前市や福井市にも近く、通勤面でも便利だと思います。しかし、家族で出かけたいと思うところが少ないです。住みよいまちにもかかわらず、小さい子ども（未就学児）と出かけたいと思うところが少ないのがもったいないです。
子育て世代がより楽しめる施設面の充実を目指してほしいです。","神明苑を高齢者のために残しましたが、家族の遊び場としての整備を期待していました。
子育て世代のために、点としては、子育て支援センターや西山公園の広場などありますが、1日を通して家族で過ごせる場が少ないように思います。
例えば越前市のだるまちゃん広場のような、子どもも広場で遊び、楽しむことができ、親も図書館や飲食店で楽しめるような環境整備をしてほしいです。
家族で行きたい場をつくれば人が集まり、にぎわいが生まれます。
午前中から出かけ、家族で食事ができ、午後からも楽しめるような場をつくってほしいです。
そのために、神明駅が近く、鯖江の中心にあり交通の便の良い神明苑をリニューアルし、近隣の飲食店など整備して、1日楽しめるような総合運動公園のような施設をつくってほしいです。"
126,SR00012690,2023-07-28T00:31:28,男性,50～59歳,鯖江（惜陰・進徳小学校区）,特にない,若い人がほとんどいない,良いまちであることを、もっとＰＲして欲しい,５．県外に移りたい,海外,日本ではもう暮らせない,パソコン;スマートフォン（スマホ）,,地域資源を活かした観光交流が盛んなまち;高度な医療や福祉サービスが充実したまち;産業が盛んで働く場所が充実したまち,,,"まずは議会をきちんと運営して欲しい。
議員も多すぎる。ＤＸをもっと利用して、職員も減らして欲しい。"
124,SR00012420,2023-07-27T20:56:19,男性,50～59歳,鯖江（惜陰・進徳小学校区）,徒歩圏内に……ドラッグストア等……ある……,バス時刻を平仮名もっと豊富に……して欲,物価高騰に……伴う……配慮を……考えて欲しい?,１．いま住んでる地区にずっと住み続けたい,,家賃が安い(「・ω・)「ｶﾞｵｰ,パソコン;スマートフォン（スマホ）;タブレット端末,,スポーツに親しむ環境が整備されたまち;高度な医療や福祉サービスが充実したまち;だれもが自由に移動できる交通利便性の高いまち,,娯楽施設を……もっと増やしてほしい……,若者が……政治に興味持つよう??頑張って欲しいヽ(●´ε｀●)ノﾎｽｨ
123,SR00012324,2023-07-27T19:42:03,女性,30～39歳,神明（神明・鳥羽小学校区）,歩道が広く植木等がよく手入れされている、川沿いはウォーキングするのに丁度いい環境,児童館や武道館など公民館の古さが目につく(耐震性など気になります)。良くも悪くも昭和のまま…。,市が開催する講座やスポーツクラブなど興味をひくものがあっても、情報が少なく参加をためらってしまう。閉鎖的な印象を感じます。先日参加したまなべのアートフェスタは申込みしやすく良かったです。,１．いま住んでる地区にずっと住み続けたい,,家族の都合のため,スマートフォン（スマホ）;新聞・雑誌など;その他,学校からの配布物、図書館に設置されたチラシ,防災対策や防犯対策が十分で安全安心に暮らせるまち;スポーツに親しむ環境が整備されたまち;産業が盛んで働く場所が充実したまち,,,
122,SR00012214,2023-07-27T19:02:45,女性,40～49歳,鯖江（惜陰・進徳小学校区）,"ゆっくりしている
役などの強制がとくになく、個人の自由としている点※当番はあります。
なんでもかんでも絶対必ずのような圧力がない","公園を整備してほしい
すみ良い町ですが、公園をもっと変えたら住むは人が増えるのかなと
また私の家の前は道が狭く、花壇のようなものがありますが活用されていない。","若者が来たくなる店がない。西山を売りにしているなら、スタバや、タリーズなど、有名店を周辺に取り入れたらどうか。商店街を特色がある街並みにするなど。
また、西山公園の遊具も変わり映えしない。古くなったし、もっと変えた方がよい。小さい子供がいますが、パンダランドはいきません。だったらだるまちゃんにいきます。全天候遊び場なし、遊具古い、水遊びできない、遊びなら親がゆっくりする場所もない、惹かれるキャラクターもいない。もっと考えた方がいい。住むだけには良いが、今の鯖江に観光にくるかな。メガネロードもやるならもっとした方がいい。",１．いま住んでる地区にずっと住み続けたい,,たまたま空いていた,スマートフォン（スマホ）,,子どもから高齢者まで安心して教育を受けられるまち;安心して結婚・出産・子育てができるまち;大型商業施設（複合型店舗）があり生活利便性や満足度が高いまち,,西山公園をもっと変えたら良い。高齢者には坂がつらい。動物園までエレベーターつけるとか。さくら、ツツジは誇れる。テーマを整えた公園にするなど。昭和のレトロ感を出す、キャラを考えるなど。また若者がくるイオンモールを作った方がいい。福井初、ここにしかない特色をもって町を希望,税金を下げて下さい。今は物価が高く、給料が見合ってない人がたくさんいます。そこで鯖江にすんだら税金が安くなるとか、鯖江にすんだら毎月お米がもらえるとか、できませんか。みんな苦しんでます。
121,SR00012168,2023-07-27T18:18:58,女性,60～64歳,鯖江（惜陰・進徳小学校区）,,"遊歩道とマレットゴルフ場を分けて欲しい

越前市のような子供達の遊技施設があったらと",,１．いま住んでる地区にずっと住み続けたい,,今ある家業があるので,パソコン;スマートフォン（スマホ）;テレビ,,子どもから高齢者まで安心して教育を受けられるまち;高度な医療や福祉サービスが充実したまち;だれもが自由に移動できる交通利便性の高いまち,,ジブリの森とかあったらいいと思います，,
119,SR00011903,2023-07-27T13:37:05,女性,65～69歳,神明（神明・鳥羽小学校区）,官公庁が近くにあったり色々な店もあり生活がしやすい環境であると思います。,健康の森みたいな健康に関する施設があるといいかな～,,１．いま住んでる地区にずっと住み続けたい,,住みやすいから,スマートフォン（スマホ）;テレビ;新聞・雑誌など,,子どもから高齢者まで安心して教育を受けられるまち;スポーツに親しむ環境が整備されたまち;安心して結婚・出産・子育てができるまち,,,
118,SR00011858,2023-07-27T12:38:11,女性,60～64歳,中河,"人が優しい
近くに西山公園や三里山、文殊山があり、市役所、図書館、駅、ショッピングセンターに行きやすく便利",バス路線がなく自分が運転できなくなった時にはタクシーしか移動手段がない,人口が減らない対策,１．いま住んでる地区にずっと住み続けたい,,我が家を離れようと思わない,スマートフォン（スマホ）;新聞・雑誌など;テレビ,,安心して結婚・出産・子育てができるまち;だれもが自由に移動できる交通利便性の高いまち;個性を尊重し多様なライフスタイルが実現できるまち,,,
116,SR00011652,2023-07-27T10:19:47,女性,30～39歳,神明（神明・鳥羽小学校区）,特に無い,"子供の室内遊び場が無い
歩道がガタガタでベビーカーで出歩く時に危ない
",子供の室内遊び場が無いので、市外や県外に行く必要がある,１．いま住んでる地区にずっと住み続けたい,,地盤が高く雨や地震に強い,スマートフォン（スマホ）,,まちなみや景観が美しいまち;安心して結婚・出産・子育てができるまち;防災対策や防犯対策が十分で安全安心に暮らせるまち,,子供を育てながら安心して働ける環境が欲しい,"暑い日や雪の日、雨の日も遊べる子供の室内遊び場を早急に作って欲しい
"
115,SR00011566,2023-07-27T10:04:21,女性,30～39歳,河和田,静か、ラポーゼ河和田に近い,お店があまりない,お店があまりない,５．県外に移りたい,もっと栄えているところ,選択肢があまりない,スマートフォン（スマホ）;パソコン,,安心して結婚・出産・子育てができるまち;だれもが自由に移動できる交通利便性の高いまち;大型商業施設（複合型店舗）があり生活利便性や満足度が高いまち,,,
114,SR00011496,2023-07-27T09:37:07,男性,65～69歳,鯖江（惜陰・進徳小学校区）,近くにショッピングセンターや公共施設や公園などもあり、住みやすい場所である。,ない,ない,１．いま住んでる地区にずっと住み続けたい,,住みやすい,スマートフォン（スマホ）;テレビ;ラジオ,,まちなみや景観が美しいまち;歴史・伝統・芸術・文化を大切にするまち;スポーツに親しむ環境が整備されたまち,,このままでよい,もう少し福祉に力を入れてほしい。
113,SR00011360,2023-07-27T09:35:46,回答しない,50～59歳,新横江（鯖江東小学校区）,町内美化に取り組んでいる,集中的に雨が降ると、用水路の水が道に溢れてしまい、敷地内にも水がきてしまうこと。,,１．いま住んでる地区にずっと住み続けたい,,交通の便も比較的よく、友人宅、実家にも近いから,スマートフォン（スマホ）;テレビ;タブレット端末,,産業が盛んで働く場所が充実したまち;個性を尊重し多様なライフスタイルが実現できるまち;高度な医療や福祉サービスが充実したまち,,,
111,SR00011142,2023-07-27T06:55:38,回答しない,30～39歳,神明（神明・鳥羽小学校区）,西山公園の動物園。あのクオリティで無料で楽しめるのは本当に素晴らしいです。,"清掃に出れなかった人への罰金制をやめて欲しい。
そこら中に家を建てるのをやめて欲しい。公園や子供が遊べる施設を作って欲しい。","子供(未就学児～小学生)が雨や雪の日が多くても遊べるような施設をたくさん作って欲しい。
車がない人も自由に移動ができる方法をもっと考えて欲しい。",１．いま住んでる地区にずっと住み続けたい,,今住んでいるところが好きだから。,スマートフォン（スマホ）,,安心して結婚・出産・子育てができるまち;個性を尊重し多様なライフスタイルが実現できるまち;だれもが自由に移動できる交通利便性の高いまち,,"子供(未就学児～小学生)が雨や雪の日が多くても遊べるような施設をたくさん作って欲しい。
車がない人も自由に移動ができる方法をもっと考えて欲しい。",鯖江市役所で働いている方の対応レベルが全体的に低いと思います。しっかり対応してくださるよう指導していただきたいです。
109,SR00010907,2023-07-26T21:09:12,男性,30～39歳,吉川,,"地区自治体の活動が旧態依然としていて時代に相応しく無い。
地域自治組織の存在意義は、公衆衛生の保全と治安防災機能の維持にある。
地域の祭りや神社行事に、なぜ人足として駆り出されねばならんのか。
信仰の自由を侵害しボランティアの強制を公然と続けている。
人権ついてまとな思考が有れば「これはあんたのとこの嫁に頼むわ※」などと軽率な発言など到底できないはずだ。
※夏祭り屋台の食材準備
※台所は女がやって当たりまえとでも思っているのか？
※このことを抗議すると「周りは誰もそんなこと言ってない。お前だけそんなことを言うな」といった態度。残念でならない。

","人口も増加傾向で、商業施設もおおくとても暮らしやすい。引っ越してきて正解だったと思っている。
ITやSDGSへの取り組みも積極性があって今後も発展が期待できる都市だと感じる。
それだけに、多様性を認められない旧態依然とした場面垣間見ると、とても残念に思ってしまう。",３．市内の他の地区に移りたい,先進的な自治組織のある地区が望ましい。なければ作れるような仕組みが有ればありがたい。,神社行事への協力(資金、役務)が半ば強制されているから,スマートフォン（スマホ）,,安心して結婚・出産・子育てができるまち;個性を尊重し多様なライフスタイルが実現できるまち;デジタル技術を活用したサービスが充実したまち,,突き抜けたIT都市として、福井県の中枢都市を目指してほしい,
107,SR00010724,2023-07-26T19:33:27,男性,70～74歳,神明（神明・鳥羽小学校区）,"白山神社、自転車道、日野川に架かる橋
西山公園の北口、嶺北忠霊塔","①水落町１丁目ですが、町内には西循環線を除いて幹線道路が東西、南北と２本走っていますが、降雪時、業者が除雪した雪を歩道に積み上げているなど、高齢者が住んでいるなど歩道の除雪が十分行われておらず、子どもの登下校や買い物する高齢者等が、歩道を歩けず本線を歩いている実態があり、弱者の安全を確保してほしい。
②同町１丁目17-11吉村宅前に２本の幹線道路が交差していますが、ここに横断歩道を設けてほしい。今年３月に区長を通じて鯖江警察署に申し出たが、基準に満たないのか実現していない。
鯖江郵便局前の幹線道路の横断歩道は、水落児童館前と西循環線しかなくかなり離れています。このため、幹線道路の南側に住む子どもや高齢者等は、幹線道路を横切っ渡っている状況で、住民の安全確保面から、市から横断歩道の設置を強く働きかけてほしい。",上記のとおり。,１．いま住んでる地区にずっと住み続けたい,,今住んでいる所に、満足している。,スマートフォン（スマホ）;テレビ;新聞・雑誌など,,防災対策や防犯対策が十分で安全安心に暮らせるまち;若者や女性に選ばれる魅力のあるまち;だれもが自由に移動できる交通利便性の高いまち,,"丹南高校跡に是非とも美術専門学校を設けてほしい。丹南高校には、美術大学に劣らない設備がありますが、十分活用されていません。北陸三県で、美術関係の高校や専門学校、大学が無いのは、福井県だけです。鯖江市には、メガネ産業や河和田漆器、繊維があり、隣の越前市には、越前和紙、越前家具等、また、越前町には、越前焼があり、これら丹南地区の伝統産業を更に発展させるには、基礎美術が必要条件になります。鯖江市が、将来生き残るには、若者の美術の教育が必要です。丹南地区の鯖江市に是非とも美術関係の学校を設置されることを願っています。


",今年の市会議員に３名の女性が当選され、喜んでいます。鯖江市は、女性活躍、ジェンダー推進を挙げていますが、残念ながら女性の区長は、ほとんどいません。町内会の役員もほとんど男性ばかりです。市も町内に任せるのでなく、女性の区長、役員が、増えるように割合を示すなど働きかけてほしい。女性の区長、役員が増えれば、もっと住みやすい町になるのではないでしよか。
106,SR00010600,2023-07-26T19:21:28,男性,65～69歳,中河,店が近い,"旧態然な行事を見直して、住民構成に合った行事を行って欲しい。（高齢化、過疎）
無駄な配り物が多い。",無駄な箱物を処分し、AIを取り入れて節税を図って欲しい。,４．県内の他の市町に移りたい,分からない。,施設の使用料が高過ぎる。,スマートフォン（スマホ）;テレビ;ラジオ,,スポーツに親しむ環境が整備されたまち;若者や女性に選ばれる魅力のあるまち;高度な医療や福祉サービスが充実したまち,,正直で平和な市,このアンケート調査のように、比較的下層の住民の声を聞いてもらいたい。
105,SR00010513,2023-07-26T19:14:44,男性,70～74歳,鯖江（惜陰・進徳小学校区）,地理的に風水害や地震に比較的強い点。,自動車社会に対応した道路整備。東西を結ぶ道路が少ない。,近松や狂歌など根拠の曖昧なイベントはながつづきしないと思う。,１．いま住んでる地区にずっと住み続けたい,,代々鯖江で自営業を営んでいるので、離れられない。,タブレット端末;テレビ;新聞・雑誌など,,高度な医療や福祉サービスが充実したまち;だれもが自由に移動できる交通利便性の高いまち;安心して結婚・出産・子育てができるまち,,,"イベントや話題作りが先行している印象です。
殆ど空席のコミュニティバスの必要性の見直し、効率化が必要だと思います。"
104,SR00010494,2023-07-26T18:00:42,男性,40～49歳,神明（神明・鳥羽小学校区）,子供が多い,"危ない交差点がある（神明小の前の通り）信号ないので、せめて赤の点滅の信号が欲しい。


","鯖江サービスエリアを広くして欲しい。
JR鯖江駅の路上駐車を無くしてほしい。",１．いま住んでる地区にずっと住み続けたい,,"子供がまだ小さいから。

",スマートフォン（スマホ）;テレビ;ラジオ,,歴史・伝統・芸術・文化を大切にするまち;安心して結婚・出産・子育てができるまち;身近に自然を感じることのできるまち,,大学があると、良くも悪くも活気が出ると思う,
103,SR00010354,2023-07-26T16:47:19,男性,60～64歳,神明（神明・鳥羽小学校区）,特になし,つつじバス が、オンデマンド化されるなど、もっと使いやすくなればよいのに、と思う。,住まう場所、暮らす場所としての“魅力”がほしい。,５．県外に移りたい,東京、とか,高齢になっても、移動、買い物、情報アクセス面の利便性が、ここよりは高いと思われるから。,パソコン;スマートフォン（スマホ）;テレビ,,高度な医療や福祉サービスが充実したまち;だれもが自由に移動できる交通利便性の高いまち;大型商業施設（複合型店舗）があり生活利便性や満足度が高いまち,,,
102,SR00010223,2023-07-26T14:04:46,男性,40～49歳,鯖江（惜陰・進徳小学校区）,平穏で町内での関係性もよく住みやすいところ,"公共交通機関の利便性。
現在はさほど問題ないが新幹線開通後も同程度の本数を維持できると良い。","スポーツ施設の充実
運動したいが場所が限られている。
個人的にはテニスコートを充実してほしい。",１．いま住んでる地区にずっと住み続けたい,,生活圏に必要なもの（スーパー、ドラッグストア）は揃っていて不自由はない。,スマートフォン（スマホ）;パソコン;テレビ,,子どもから高齢者まで安心して教育を受けられるまち;スポーツに親しむ環境が整備されたまち;産業が盛んで働く場所が充実したまち,,,
101,SR00010140,2023-07-26T12:44:31,男性,60～64歳,片上,自然豊かで文殊山や古墳群をたのしめるところ,若い人たちが家を建てにくい、地元に戻ってこない。ここに住みたいという魅力が少ない。,西地区は農地をつぶしてどんどん家が建つ一方、東地区は新幹線もできてより一層過疎化が進んでいる。同じ税金を納めており、もっとバランスよく有意義に使ってほしい。,１．いま住んでる地区にずっと住み続けたい,,移り住む金銭的な余裕がない。ここに住まざるを得ない。,パソコン;スマートフォン（スマホ）,,産業が盛んで働く場所が充実したまち;地域資源を活かした観光交流が盛んなまち;高度な医療や福祉サービスが充実したまち,,若者が働きたくなる、結婚して住みたくなるような企業誘致を進めてほしい。,
100,SR00010031,2023-07-26T10:47:51,女性,30～39歳,鯖江（惜陰・進徳小学校区）,交通アクセスが良い,コンビニ(セブンイレブン)が欲しい。,"ファッション、レストラン等が入る商業施設が欲しい。

ゴミ出しが面倒。
燃えるゴミとプラ等は同じゴミステーションに出したい。

名前を書くのは個人情報流出なのでやめてほしい。
嫌がらせなどのトラブルにつながる。",１．いま住んでる地区にずっと住み続けたい,,新築を建てたから,スマートフォン（スマホ）,,大型商業施設（複合型店舗）があり生活利便性や満足度が高いまち;若者や女性に選ばれる魅力のあるまち;だれもが自由に移動できる交通利便性の高いまち,,,
99,SR00009944,2023-07-26T08:15:26,女性,30～39歳,神明（神明・鳥羽小学校区）,"静か
近所の人が親切
おばあちゃん達が優しい","住宅街でバーベキューを頻繁にする家が数軒ある。臭いが凄くて困っている。
小学校が遠い。
防災無線が聞こえない。",サンダーバードを無くさないで欲しい,４．県内の他の市町に移りたい,福井市,サンダーバードは無くなるし、子どもの施設も少ないし…,スマートフォン（スマホ）;新聞・雑誌など,,子どもから高齢者まで安心して教育を受けられるまち;人々のふれあいやコミュニティ活動が盛んで温かいまち;防災対策や防犯対策が十分で安全安心に暮らせるまち,,高齢者、子どもの交流が盛んな街になって欲しい。,住宅街でのバーベキューの注意喚起をお願いしたい。
98,SR00009806,2023-07-25T23:15:58,女性,50～59歳,北中山,"自然が豊か、蛍が見れる、
治安が街と比べいい。","自治会の考えが古い、若夫婦世帯でも住みやすくなるような町になって欲しい。
多くの子供が集まり遊具もたくさんある公園が近くにない。鯖江の西よりにある公園へは大人が車で連れていかないといけない。送り迎えが遠い。",鯖江の中心が西寄りにあるため、東側に住んでいると色んな面で遠く感じる。,５．県外に移りたい,長野県、兵庫県、静岡県,"長野県、雪は降るものの福井みたいな重い雪は降らない。観光名所が多い。
兵庫県、雨があまり降らない温暖な気候、都会に近い田舎。
静岡県、漁港が活気づいている。関東関西の中間地点で旅行しやすい。富士山がいつも見れる。",パソコン;スマートフォン（スマホ）;新聞・雑誌など,,安心して結婚・出産・子育てができるまち;大型商業施設（複合型店舗）があり生活利便性や満足度が高いまち;身近に自然を感じることのできるまち,,"市の東地区の人口減少よよる将来が心配。大きな旧家で高齢者のひとり暮らしが増え、その後の空き家問題も懸念される。
元気な内に気の合う仲間同士が寄り添い同居生活が出来ると、見守り合いが出来て安心につながる。

 東側地区の子供の数も減少の一途。少数クラスの利点もあるが刺激のなさも否めない。先ではあるが東陽小中学校併設もありではないでしょうか。小学児童はスクールバスの送迎で安全確保できる。
今の北中山小学校の場所は、今立から車で走ってくると この小学校に突き当たります。福井へ抜けるトンネルへはそこを右折するか、消防署の前をクランクして走るようになっていて混雑時間もある。
今立から戸口トンネルへのまっすぐな道も可能になる。

また北中山地区は福井へも武生、今立、池田へのアクセスが良いところ。中河、北中山地区の田園は残したいところでもありますが、今後開発地としては持ってこいの余力がある場所。相続で田畑を手放したい人が増えた場合、農業用地の集約をした上で、広大な地を有効活用し、企業誘致や大型商業施設、自然を残しつつの大型公園をつくり、周りには十分な駐車場確保し、隣接の町から車で来やすくする。そんな施設が出来るといいと思う。
一方、それによる交通量が多くなる場合には、住民への配慮は忘れずに整備して欲しい。","南北に走る福井今立線の県道は、福井に抜ける通勤には便利なまあまあ静かな道でした。新しい戸口トンネルができてからの交通量は目まぐるしく、大型トラックやトレーラーがひっきりなしに通ります。鯖江の8号線を避けてこちらを利用する大型車が増えています。戸口町内の歩道のないところも駆け抜けて行きます。歩いていてヒヤッとしたときもあり危ないのが現状です。速度制限を設けるとかできないでしょうか。
住宅が道沿いに建ち並ぶ町内を大型車両が頻繁に行き交う所は、そうないと思います。せめて大型車だけでも町内を回避して福井今立間を走る道を検討してくださるよう希望します。
"
97,SR00009739,2023-07-25T22:08:27,女性,60～64歳,神明（神明・鳥羽小学校区）,"店、図書館、電車の駅、学校が近くにあり、生活しやすい。
散歩コースがたくさんある。自然もあり落ち着ける。","公共交通などの利便性がよくなるとよい。
学校の近くで小学生の登下校の道なので冬場雪が降ると道が狭くなり危ない。融雪をつけてほしい。","６０代が集ったり、勉強したりできる場がほしい。あるのかもしれないが、見えてこない。
自然のなかで遊べるところがほしい。",１．いま住んでる地区にずっと住み続けたい,,中途からここに住み始めたが、地区の人が温かく受け入れてくれたから,スマートフォン（スマホ）;パソコン;テレビ,,高度な医療や福祉サービスが充実したまち;人々のふれあいやコミュニティ活動が盛んで温かいまち;身近に自然を感じることのできるまち,,自然や歴史、文化、遊びの案内人を育て、その人たちに鯖江のいろんないいところを教えてもらいたい。,公共施設のメンテナンスをしっかり計画的にやってほしい。作るばかりでなく存続し続けることが大切
96,SR00009660,2023-07-25T20:31:12,男性,75歳以上,鯖江（惜陰・進徳小学校区）,災害が少ないところ,"車が無いと不便なところ。特に、運転弱者には交通手段が不便
サンドーム福井でイベントがあると非常に混雑するところ",行政サイドと市会の一体化、市民サイドに立った行政運営,１．いま住んでる地区にずっと住み続けたい,,適度な田舎感,パソコン;スマートフォン（スマホ）,,だれもが自由に移動できる交通利便性の高いまち;身近に自然を感じることのできるまち;防災対策や防犯対策が十分で安全安心に暮らせるまち,,,
95,SR00009524,2023-07-25T19:25:12,男性,65～69歳,北中山,住民の人柄が穏やかで暖かい,"住民に覇気が無く、活気が無い
",鯖江市内を南北に貫く国道、高速道路、線路、河川はあるが、東西に貫く道路が無いので、東西の交流が少ない。東西に貫く道路を作って欲しい,１．いま住んでる地区にずっと住み続けたい,,出たい気持ちもあるが、現実には住み続けるだろう。市街地に近い田舎なので、便利な割には静かで住みやすい。,スマートフォン（スマホ）;パソコン;新聞・雑誌など,,安心して結婚・出産・子育てができるまち;産業が盛んで働く場所が充実したまち,,眼鏡会館、漆器会館に近隣の和紙の里、打刃物、池田のジップライン、川下りなどでの体験学習等を利用して修学旅行を誘致すると良い,"西部地区から東部地区までを貫く道
路を作って欲しい。"
94,SR00009491,2023-07-13T21:21:17,男性,60～64歳,立待,住宅街で騒音もなく、近所付き合いもあり不審者の侵入しづらい環境だと思います。,道幅が狭く除雪が町道まで行き届かない。市道も融雪がなく冬場は不便。,年齢問わず住みたいと思う環境。子育てや老後の不安がないオリジナルな鯖江市ならではの魅力ある市政。,１．いま住んでる地区にずっと住み続けたい,,環境の変化は求めない。安定した日々を続けたいから。,パソコン;スマートフォン（スマホ）;テレビ,,歴史・伝統・芸術・文化を大切にするまち;安心して結婚・出産・子育てができるまち;防災対策や防犯対策が十分で安全安心に暮らせるまち,,ツツジ祭りやメガネ産業もアピールが下手。将来性のあるものに予算をかけて新幹線開通する人や物流のチャンスを活かして欲しい。,"市議や市政に関わる人々は、市民にとって生活環境を良くして暮らしを豊かにするべく日々奮闘していると信じたい。
市議選が終わり声をからして訴えたアツいキモチを失くさないで税金を活用して欲しい。"
93,SR00009360,2023-07-13T19:54:10,女性,65～69歳,新横江（鯖江東小学校区）,鳥のさえずりが聞こえ、燕が巣をつくり自然豊かな町,公共交通が、ほとんどなく不便,博物館や美術館など、芸術にふれる場所がない,４．県内の他の市町に移りたい,福井市,"公共交通の利便性
美術館、博物館、図書館などが豊富",パソコン;スマートフォン（スマホ）;新聞・雑誌など,,歴史・伝統・芸術・文化を大切にするまち;だれもが自由に移動できる交通利便性の高いまち;防災対策や防犯対策が十分で安全安心に暮らせるまち,,地場産業を、もっともっと全国にアピールして、若い人が多く移住して活気のある市になるとよい。,
92,SR00009282,2023-07-13T07:58:44,女性,22～29歳,鯖江（惜陰・進徳小学校区）,"スーパーやレストラン、100円ショップなどが近くにあって生活しやすい
西山公園に歩いて行ける",特になし,融雪が整備されていない道路が多い,４．県内の他の市町に移りたい,越前市,夫の実家が越前市で、その近くで家を建てる予定があるから。,スマートフォン（スマホ）;テレビ,,安心して結婚・出産・子育てができるまち;防災対策や防犯対策が十分で安全安心に暮らせるまち;大型商業施設（複合型店舗）があり生活利便性や満足度が高いまち,,イオンモールやコストコ、三井アウトレット等大手商業施設があると行くのになぁと思います。また、よく要望があると思いますが、子育て世代の私からすると、越前市のだるまちゃん広場や隣接するスタバが羨ましいです。屋内遊具施設なども継続可能な方法で前向きに検討していただきたいです。,いつも市民のために尽力いただきありがとうございます。
90,SR00009004,2023-07-13T07:11:22,女性,50～59歳,立待,町内の方が堤防をすごくきれいにしてくれている。進んで住んでいる地域をきれいにしてたいと思う気持ちが伝わる位きれいだ。,"できれば、ゆくゆく車を手放したいのでバスをもっと増やして欲しいこ
タクシーがもう少し安く気軽に使えると良い","西山公園に常にオープンしてる飲食店を作って欲しい。道の駅だけでは寂しい。せっかくきれいな公園があるのだから、テナントが10件ぐらいあると。夜もご飯を食べに行けるので良いのではないかなと思う。西山公園にスポーツジムがあるといいと思う。
鯖江市役所にちょっとした健康器具を置いて5分から10分の軽い運動ができると良いのではないかと思う。
",１．いま住んでる地区にずっと住み続けたい,,イベントや楽しみはあまりないけど安心ではある。ただ県外に行くとほんとにお店がないのでその辺をちょっとしたことなんですけど、鯖江市内イオンショッピングセンターがあれば最高に良い。もっと鯖江は生まれ変わるをアピールし人が集める事が出来ないか？,テレビ;ラジオ;新聞・雑誌など,,産業が盛んで働く場所が充実したまち;だれもが自由に移動できる交通利便性の高いまち;人々のふれあいやコミュニティ活動が盛んで温かいまち,,"鯖江市はすごいいい街なんだけども娯楽が足りない。移動せずに遊べる場所が1カ所に固まってなし西山公園から鯖江駅までに1カ所、ちょっとしたおしゃれなビルがあると、良いのではないかと思う。
子供からお年寄りまでが自分の足で歩いて行ける場所が近くにあるといいと思う。
鯖江市にきれいな公園がない。
","どんどん新しいことを取り入れて、挑戦して欲しいですダメなら直ぐやめて
新しいことや便利な事を取り入れて、ムダムリムラをなくしていってほしい
同じ人口の規模で良い県外の市を真似て
みるのもいいかなと私が思うのは、とにかく娯楽が少ないきれいな公園がないバスも、もっと普通の人がバスを使えるって知らせたほうが良いと思う。宣伝したほうがいいと思う。本数を増やせると良い。"
89,SR00008972,2023-07-12T17:10:26,女性,65～69歳,豊,特にない,"知ってます　男と女の環境の違い
大学卒業頃まではそれほど大きな差がないのに結婚して子供ができると女性は子育て　家事　仕事の3足のワラジ子育てがおわると介護がくる",議員の半分は女性議員であってほしい,１．いま住んでる地区にずっと住み続けたい,,"特にこの場所がいいというわけではないけれど
自分が作り上げた環境　友人達などを変えたくない",スマートフォン（スマホ）;タブレット端末;新聞・雑誌など,,子どもから高齢者まで安心して教育を受けられるまち;歴史・伝統・芸術・文化を大切にするまち;人々のふれあいやコミュニティ活動が盛んで温かいまち,,100%男女の権利が同等であってほしい,"いじめとかDVとかがない街になってほしい
あってもすぐに対処してほしい　手遅れになる前に
子供達が未来に　生きることに希望を持てる街になってほしい
"
88,SR00008860,2023-07-12T16:18:14,女性,65～69歳,豊,特にない,"公共交通の利便性をよくしてほしい
近場にドラッグストアやスーパーがあったらいい",地域のコミュニティがスムーズに活発に活動してほしい,１．いま住んでる地区にずっと住み続けたい,,住みやすいとおもっています　ただ車を運転できなくなったら不便極まり無いのでもっと移動の便を良くしてほしい,スマートフォン（スマホ）;タブレット端末;新聞・雑誌など,,だれもが自由に移動できる交通利便性の高いまち;人々のふれあいやコミュニティ活動が盛んで温かいまち;デジタル技術を活用したサービスが充実したまち,,困ったことなどをスマホなどで投書すればすぐに解決できるシステムがあればいい,猿その他の獣が畑を荒らすので野菜を作る気がしなくなってしまった　なんとかしてください
87,SR00008701,2023-07-12T12:49:09,女性,60～64歳,立待,自然豊かであるところ,"高齢化が進んでいるので年齢層問わず皆が住みやすい市にして欲しい
温暖化も進んでおり河川の近くの地域の為、防災に力を入れて欲しい


",子供から高齢者まで居れる娯楽施設を充実させて欲しい,２．一度、市を出て、また帰ってきたい,,鯖江市以外に住んでみたいから,スマートフォン（スマホ）;新聞・雑誌など;パソコン,,子どもから高齢者まで安心して教育を受けられるまち;だれもが自由に移動できる交通利便性の高いまち;防災対策や防犯対策が十分で安全安心に暮らせるまち,,,
86,SR00008664,2023-07-12T11:16:34,女性,50～59歳,鯖江（惜陰・進徳小学校区）,"交通の便がいい。（駅に近い、国道に出やすい。）
歴史ある小学校がある。",地域活動に参加する人が減少している。,娯楽施設や商業施設が少ない。,１．いま住んでる地区にずっと住み続けたい,,通勤や買い物に行くのに便利だから。,スマートフォン（スマホ）;新聞・雑誌など,,歴史・伝統・芸術・文化を大切にするまち;大型商業施設（複合型店舗）があり生活利便性や満足度が高いまち;高度な医療や福祉サービスが充実したまち,,,
85,SR00008588,2023-07-11T20:55:42,女性,50～59歳,鯖江（惜陰・進徳小学校区）,西山があり環境がいい,高齢化が進んでいて、子どもの数が少ない,雨の日に子どもが遊べる施設が少ない,１．いま住んでる地区にずっと住み続けたい,,環境がいい。,パソコン;スマートフォン（スマホ）;テレビ,,子どもから高齢者まで安心して教育を受けられるまち;安心して結婚・出産・子育てができるまち;防災対策や防犯対策が十分で安全安心に暮らせるまち,,"土曜日保育園を休む事にたくさんの方が協力してくださっているので、保育料のあり方を変えてほしい。月曜日から金曜日までの保育料にして、土曜日は利用する人はお金を払って利用するという形をとるようにしてほしい。
",子育てしやすい制度はどんどんととなってきていると思うが、保育現場で働くものにとっても働きやすい環境を整えて欲しい
84,SR00008409,2023-07-11T17:46:39,男性,50～59歳,鯖江（惜陰・進徳小学校区）,特になし,今後、歳を取ると車での移動が難しくなる場合もあるため、公共交通機関などは、便利になって欲しい,鯖江市民のためになる施策を行って欲しい,５．県外に移りたい,滋賀県,歳を取った時に、雪の心配をしなくていいから、また、都市にも近く移動が便利になるため,スマートフォン（スマホ）;タブレット端末,,だれもが自由に移動できる交通利便性の高いまち;その他,お金を市外の人に使うのではなく鯖江市民のために使って欲しい,,
83,SR00008330,2023-07-11T10:39:27,男性,30～39歳,神明（神明・鳥羽小学校区）,"田んぼが多く静かな住宅地だが、
8号線からも近く買い物、遊び場への移動も楽。","回覧板をメールにするなど、
IT化をもっと進めて欲しい。",,１．いま住んでる地区にずっと住み続けたい,,住みやすい,スマートフォン（スマホ）;パソコン,,身近に自然を感じることのできるまち;デジタル技術を活用したサービスが充実したまち,,,
82,SR00008287,2023-07-11T08:40:14,女性,40～49歳,神明（神明・鳥羽小学校区）,特にありません,新興住宅地なので、子供の通学路で歩道がないとこあり、車とスレスレを歩くところがあり、改善してほしい,子供の遊ぶ場所が本当にない。パンダーランドは、岩肌ゴツゴツですべるところもあり、滑り止めもなくなってるところもあり、、、雨がふると遊ぶところがない。,４．県内の他の市町に移りたい,越前市。,もともと住んでいたので。あと、子供の遊ぶところやイベントもしているので。,パソコン;テレビ;ラジオ,,子どもから高齢者まで安心して教育を受けられるまち;安心して結婚・出産・子育てができるまち;防災対策や防犯対策が十分で安全安心に暮らせるまち,,"越前市みたいに、天候型の施設を作ってほしい
小さい子～みんなが遊べるようなやつ",JK課は必要ですか？
81,SR00008124,2023-07-11T08:13:48,女性,30～39歳,鯖江（惜陰・進徳小学校区）,小学生が帰るときに横断歩道に交通安全の人がたってる,とくになし,土日子供が遊べる施設をつくってほしい,１．いま住んでる地区にずっと住み続けたい,,"両親がいる、
持ち家だから",スマートフォン（スマホ）;その他,市の広報,安心して結婚・出産・子育てができるまち;人々のふれあいやコミュニティ活動が盛んで温かいまち;デジタル技術を活用したサービスが充実したまち,,,
80,SR00008081,2023-07-11T06:00:20,男性,30～39歳,鯖江（惜陰・進徳小学校区）,西山公園,商店街から西山公園などのまちなかを、市も本気になって再整備していくべき。,義務教育を、もっと一人ひとりの個性に寄り添える形に。,１．いま住んでる地区にずっと住み続けたい,,不満な点はとても多い。でも将来の地域のために、出ていくのではなく自分がそれをどうにかしたいから。,スマートフォン（スマホ）;パソコン,,子どもから高齢者まで安心して教育を受けられるまち;人々のふれあいやコミュニティ活動が盛んで温かいまち;個性を尊重し多様なライフスタイルが実現できるまち,,教育（人材育成）のまちにすべき,
79,SR00007901,2023-07-10T21:35:15,女性,30～39歳,神明（神明・鳥羽小学校区）,買い物に困らない。西山公園や子育て支援センターで子どもを遊ばせることができる。,こども園がない。子どもが多いのに保育園が2つのみで子どもを預けられるか不安。,"全天候型の遊び場の整備をしてほしい。
コストコがほしい。",１．いま住んでる地区にずっと住み続けたい,,家を建てて、実家も近いから。,スマートフォン（スマホ）;ラジオ;新聞・雑誌など,,安心して結婚・出産・子育てができるまち;身近に自然を感じることのできるまち;大型商業施設（複合型店舗）があり生活利便性や満足度が高いまち,,,
78,SR00007803,2023-07-10T21:27:19,女性,30～39歳,豊,車通りや高い建物が少なく自然が身近なところ。,空き家が増えてきて動物が住み着いている気配があり夜や朝方が不気味です。,28号線の下野田から冬島に行く道で道幅の狭い道を毎日通勤で通るのですが道幅を広くして欲しいです。大型トラックも多くギリギリ二車線あるかないかで不安です。,１．いま住んでる地区にずっと住み続けたい,,事件や災害も少なく景色も田畑の多くて素敵なので仕事があるかぎりはここで暮らして行きたいです。と、考えますと病気になったり、お年寄りになっても安心もして生きて行ける環境であることを望みます。,スマートフォン（スマホ）;パソコン;テレビ,,歴史・伝統・芸術・文化を大切にするまち;身近に自然を感じることのできるまち;だれもが自由に移動できる交通利便性の高いまち,,"漆器や眼鏡や織物など昔からの伝統有形文化が多いこと、西山公園や旧街道や田んぼの多さなど地形もしっかり残っていますのでその特徴や良さを意識することで幸せ感や安心感にも繋がる可能性があります。

また、これまでにデジタルに力を入れていることや、JK課などこれまでにない自由な発想や事業への理解があるように感じます。
最先端の情報収集を怠らず、便利なツールを駆使することも難しくないのではないでしょうか。
市民のニーズを年代ごとにつかみ、世代ごとの知識や労働力を適切に利用することでさらなる地域の発展や繁栄に繋がるのでは、と希望をもっています。","私たちを善良な市民の一人として生きられるような政治をよろしくお願いいたします。

悲しいとか寂しいと感じる人が減るような選択をしていただけましたら何よりです。"
77,SR00007742,2023-07-10T21:05:34,男性,75歳以上,鯖江（惜陰・進徳小学校区）,コンビニやスーパー金融機関等があり便利がよい。,高齢化がすすみ町内の行事が難しくなりつつある。,鯖江駅前がさみしい。,５．県外に移りたい,雪のないところ。,冬が過ごしにくい。,パソコン;スマートフォン（スマホ）,,歴史・伝統・芸術・文化を大切にするまち;地域資源を活かした観光交流が盛んなまち;だれもが自由に移動できる交通利便性の高いまち,,西山公園と街がいったいなって賑わいのある街。,日野川の河川敷を整備し市民が憩える場所にする。
76,SR00007654,2023-07-10T20:36:11,女性,50～59歳,新横江（鯖江東小学校区）,駅や国道に近く商業施設、公共施設が充実している,高齢化が進んでおり、高齢者のみの世帯には買い物ひとつ大変,若者や女性の意見が取り入れやすい開かれた街作りをして欲しい,１．いま住んでる地区にずっと住み続けたい,,住んでいる人達との繋がりが大切だから,パソコン;スマートフォン（スマホ）;テレビ,,安心して結婚・出産・子育てができるまち;若者や女性に選ばれる魅力のあるまち;防災対策や防犯対策が十分で安全安心に暮らせるまち,,人口を増やす為、若い世代の移住を勧める。留学生や研修生などの外国人の受け入れを行う,
75,SR00007556,2023-07-10T19:58:41,女性,30～39歳,豊,,"見難いのにカーブミラーがない交差点が多いので設置してほしい
道路の陥没を直して欲しい","子供をつれて気軽にいけるような屋根付き施設を充実させてほしい

ホームページがわかりにくい",１．いま住んでる地区にずっと住み続けたい,,家をかったから。,スマートフォン（スマホ）,,大型商業施設（複合型店舗）があり生活利便性や満足度が高いまち;安心して結婚・出産・子育てができるまち;人々のふれあいやコミュニティ活動が盛んで温かいまち,,,
74,SR00007473,2023-07-10T19:26:54,女性,40～49歳,鯖江（惜陰・進徳小学校区）,電車の駅が近く、交通の便は悪くないところです。歴史を感じられる旧跡があって、歩いていて楽しいです。,福井県全般に言える事ですが、スーパーやドラッグストアは近くにありますが、ちょっと服を買ったり靴を買ったりするのに車がないと不便で、高齢者は不自由を強いられてます。その都度送迎を頼まれるのも、負担が大きいです。,アルプラザなどの商業施設や病院に、車以外の交通手段で行きやすくなれば良いと思います。,１．いま住んでる地区にずっと住み続けたい,,長年住み慣れており、電車の駅が近くて便利だからです。,パソコン;スマートフォン（スマホ）,,子どもから高齢者まで安心して教育を受けられるまち;高度な医療や福祉サービスが充実したまち;だれもが自由に移動できる交通利便性の高いまち,,,
71,SR00007112,2023-07-10T18:19:17,男性,60～64歳,鯖江（惜陰・進徳小学校区）,西川公園,空き家対策が進んでない,公共の移動手段が不便,５．県外に移りたい,滋賀県,琵琶湖,パソコン;スマートフォン（スマホ）;テレビ,,だれもが自由に移動できる交通利便性の高いまち;高度な医療や福祉サービスが充実したまち,,新幹線が開通しても通過するのだから無理をしないで身の丈にあったまちづくりをすれば良いと思います。,しっかりと職員が仕事をしているか管理してほしい。管理職とは名ばかり。
70,SR00007029,2023-07-10T17:28:56,女性,40～49歳,北中山,のんびりしている雰囲気があり、居心地が良い。,"通学の駅へ行くにも送迎が必要で不便。
愛育会やスポーツ協会のように入会を強要される会が多くあり、煩わしい。",,３．市内の他の地区に移りたい,徒歩圏内に病院もスーパーも銀行もある街,免許を返納した時に不便になりそうだから,スマートフォン（スマホ）,,歴史・伝統・芸術・文化を大切にするまち;だれもが自由に移動できる交通利便性の高いまち;個性を尊重し多様なライフスタイルが実現できるまち,,,
68,SR00006871,2023-07-10T16:01:33,女性,30～39歳,立待,大きな公園（丸山公園、大谷公園）があり、子どもが喜んで遊べる,特になし,全天候型の遊び場が欲しい,１．いま住んでる地区にずっと住み続けたい,,住みやすいから,スマートフォン（スマホ）,,子どもから高齢者まで安心して教育を受けられるまち;安心して結婚・出産・子育てができるまち;防災対策や防犯対策が十分で安全安心に暮らせるまち,,,子育て支援を拡充していただけると嬉しいです。
67,SR00006765,2023-07-10T15:57:48,女性,30～39歳,立待,生活に必要なお店が近く、公園など遊び場もある。子どもが多い。,雨天時の子どもの遊び場がない,,１．いま住んでる地区にずっと住み続けたい,,一度福井市に転出しましたが、生まれ育った鯖江、いろいろチャレンジする鯖江が好き。,スマートフォン（スマホ）;パソコン,,子どもから高齢者まで安心して教育を受けられるまち;安心して結婚・出産・子育てができるまち;デジタル技術を活用したサービスが充実したまち,,,子育ての支援金など、ありがたいです。謎の百条委員会などの揉め事はやめて、建設的なまちづくりを望みます。
66,SR00006661,2023-07-10T15:34:00,女性,65～69歳,河和田,,"若い人達が結婚しない事。
結婚しても、別居で、河和田から出て所帯を持つ事。
結婚しないから子どもの数が少ない事。
手頃なアパートが集合住安宅、建て売り住宅等で有難い補助金を出して若者流出を防ぐ手立てを打つ事を希望する。","若い世代の遊び場が欲しい。
池田のようなスケールのもの。",１．いま住んでる地区にずっと住み続けたい,,結婚したから。,スマートフォン（スマホ）;テレビ;ラジオ,,子どもから高齢者まで安心して教育を受けられるまち;産業が盛んで働く場所が充実したまち;安心して結婚・出産・子育てができるまち,,,
65,SR00006598,2023-07-10T15:32:36,女性,75歳以上,豊,山の近くで自然豊かな所です,今は車に乗れるからいいが交通の不便さがしんぱいです,,１．いま住んでる地区にずっと住み続けたい,,自然豊かな所です。,スマートフォン（スマホ）,,高度な医療や福祉サービスが充実したまち;だれもが自由に移動できる交通利便性の高いまち;子どもから高齢者まで安心して教育を受けられるまち,,,
64,SR00006451,2023-07-10T15:20:40,男性,65～69歳,片上,徒歩圏内に文殊山がありハイキング登山などが手ごろにできる。,"若者の地域離れが進み子供の人数が減ってきている。
近くに買い物できるお店が無く、車を使わないと買い物もできない。",若者世代が住み易い、子供を育て易い環境づくりを行って、その情報発信を積極的に行う。,１．いま住んでる地区にずっと住み続けたい,,既に一度県外に出て帰って来たから。,スマートフォン（スマホ）;タブレット端末;新聞・雑誌など,,子どもから高齢者まで安心して教育を受けられるまち;安心して結婚・出産・子育てができるまち;産業が盛んで働く場所が充実したまち,,市民、みんなが笑顔て挨拶し合っている街,市としての方針（取り組み）を明確にし、市民への説明め十分に行う。
63,SR00006311,2023-07-10T14:54:36,女性,50～59歳,鯖江（惜陰・進徳小学校区）,徒歩圏内に西山公園、公民館、学校、スーパーが揃ってること,高齢化が進んで、子供が少ない。空家、空き地が多い,公共交通機関の本数増。利便性の向上,１．いま住んでる地区にずっと住み続けたい,,住んでいる場所の利便性、環境がいいから,スマートフォン（スマホ）;テレビ;新聞・雑誌など,,地域資源を活かした観光交流が盛んなまち;身近に自然を感じることのできるまち;安心して結婚・出産・子育てができるまち,,観光客が滞在・周遊しやすい町。子育てがしやすいまち。,市役所で働いてる人が疲れてるように見える。人員が少ない？窓口の待ち時間が長くなった気がする。
62,SR00006271,2023-07-10T14:51:36,男性,40～49歳,片上,自然に溢れ静かな地区だが、車での移動手段があれば国道までのアクセスも近く過ごしやすい。,地域活性化できる何かがあるといいなと思っているが思いつかない,手軽に行けるシティー型アウトドア施設(バーベキューなど)があると嬉しいです。山だと虫が沢山出るので平地で施設造成すると虫苦手な女性も喜ぶかもです。,１．いま住んでる地区にずっと住み続けたい,,基本的な生活環境にそんなに不満がないから,スマートフォン（スマホ）,,だれもが自由に移動できる交通利便性の高いまち;デジタル技術を活用したサービスが充実したまち;安心して結婚・出産・子育てができるまち,,"サイクリングロードのコース設定を観光スポットを織り混ぜ周知していただけると嬉しいです。
あとランニングする時に河川敷を走るのですが、途中途切れているところがあるので繋げて欲しいです。","みんなで創る鯖江市♪
応援してますので、頑張ってみんなで楽しめる鯖江市を創っていってくださいm(_ _)m"
61,SR00006145,2023-07-10T14:23:12,女性,50～59歳,神明（神明・鳥羽小学校区）,"街が綺麗。
鯖江の眼鏡産業などは、誇れる","公民館や町内の会館があるのに、
あまり活用されていないのは
もったいないと思う。
スマホ教室やカフェ、講座など活用したら良いと思う。","プラゴミの捨て方が不便で
コンテナが足りない。",１．いま住んでる地区にずっと住み続けたい,,"周りにお店などがあって、
便利なところだから",スマートフォン（スマホ）;タブレット端末;ラジオ,,だれもが自由に移動できる交通利便性の高いまち;歴史・伝統・芸術・文化を大切にするまち;個性を尊重し多様なライフスタイルが実現できるまち,,"福井市に隣接しているけど、
福井市とは違う鯖江らしさがあると良い。
河和田漆器を鯖江市内でももっと取り入れて貰う。
眼鏡産業をもっとアピールしたような事をする。
鯖江市の日を設けてイベントを開催する。",ゴミは、もう少し 捨てやすい環境を整えて欲しいです。
59,SR00005997,2023-07-10T13:50:27,男性,50～59歳,吉川,コウノトリが居る,公共交通の利便性向上と、公共施設のハード面のユニバーサル化の充実。,西山公園をシンボルにするならな高齢者や障がい者も動物園まで気楽に行ける様にすべきだと思います。,１．いま住んでる地区にずっと住み続けたい,,めがねのまちさばえを愛しており本気で日本1住みやすい自治体にしたいと思っているからです。,スマートフォン（スマホ）;タブレット端末;パソコン,,産業が盛んで働く場所が充実したまち;人々のふれあいやコミュニティ活動が盛んで温かいまち;子どもから高齢者まで安心して教育を受けられるまち,,めがねのまちさばえに徹底的特化した街作りと、日本1高齢者や障がい者が暮らしやすく街全体がユニバーサルデザインされた街にするのが良いと思います。,建築物を作る時には変更が出来る段階で当事者の意見を聞くようにしてください。茶番的なヒヤリングは当事者に失礼です。
57,SR00005784,2023-07-10T13:46:20,男性,50～59歳,立待,近松の里と大谷公園,公的避難所の不足解消,若者の働く場所の確保,１．いま住んでる地区にずっと住み続けたい,,長男だから,スマートフォン（スマホ）;パソコン,,スポーツに親しむ環境が整備されたまち;産業が盛んで働く場所が充実したまち;防災対策や防犯対策が十分で安全安心に暮らせるまち,,10地区10色の発想はすばらしいので、形に出来るサポートを。,個別非難計画の策定など自治会（自主防災）の負担増に対する補助を希望します。
56,SR00005695,2023-07-10T13:36:41,男性,75歳以上,神明（神明・鳥羽小学校区）,鯖江市のほぼ中心に有り、住宅街として最高である。,いわゆる都市化が進み､連帯感が閉塞してる。,早期の議会正常化,１．いま住んでる地区にずっと住み続けたい,,住みやすく､快適である。,スマートフォン（スマホ）;テレビ;新聞・雑誌など,,安心して結婚・出産・子育てができるまち;産業が盛んで働く場所が充実したまち;人々のふれあいやコミュニティ活動が盛んで温かいまち,,福井市、越前市の弱点､短所を取り込む副都心としての活路､役割が有る筈｡新幹線の通過都市として。,早期に議会を正常化することです｡
55,SR00005545,2023-07-10T13:19:00,男性,30～39歳,片上,みんなが、楽しく仲良く、できるような地区です。,交通の、不便や､お店やさんがないです。,遊び場がないので、楽しくところを、つくてください。,１．いま住んでる地区にずっと住み続けたい,,メガネの、町を、整備しながら、鯖江にできています。,スマートフォン（スマホ）,,まちなみや景観が美しいまち;子どもから高齢者まで安心して教育を受けられるまち;スポーツに親しむ環境が整備されたまち,,夢の、ある鯖江に、なるように。,計画性がないように、見えます。
54,SR00005487,2023-07-10T13:17:07,女性,50～59歳,神明（神明・鳥羽小学校区）,徒歩圏内に色々な施設があります。,"地区の役員をして回ると表札が出ていない家が多くて大変。
川の草や木が生い茂って虫が多い。
舗装が悪くて水溜りが出来るので、歩行者の人が不便そうです。
税金が高いです。",議員が多いし、年齢制限をして、もっと若い人の意見を取り入れると良いと思います。鯖江を盛り上げようとしている企業に支援をして欲しい。,１．いま住んでる地区にずっと住み続けたい,,特に変わる理由がない,テレビ;スマートフォン（スマホ）;パソコン,,大型商業施設（複合型店舗）があり生活利便性や満足度が高いまち;高度な医療や福祉サービスが充実したまち;地域資源を活かした観光交流が盛んなまち,,県外の人がもっと遊びに行きたいと思ってくれる街,中小企業にもっと支援をして欲しい。
53,SR00005364,2023-07-10T13:12:44,男性,30～39歳,中河,"良いところ
自宅から車で10分圏内のところに公共交通機関、バイパス、高速道路が近いため、南北の移動が便利。また、保育所、学校、買い物も周辺で済ませる事が出来ること。
好きなところ
町内の連携がしっかり出来ている事。
イベントや行事が好きな人が多い。
自慢したいところ
春になると田んぼ一面に菜花が咲き綺麗なところ。来年の新幹線開業時、トンネルから抜けた先車窓から広がる約30秒の菜花畑を地元CMなどでアピールして欲しい。","出勤時の道路の融雪機があるところとないところがあるため早く設置して欲しい。
","子供たち喜ぶアスレチックなどの広い公園がなく、越前市の中央公園、南条の道の駅、福井市内へ連れて行くことが多い。西山公園のアスレチックの駐車場の数が少ないため、遠くに停めないといけないため、東公園の体育館、プール、陸上競技場をサンドーム横または、老朽化したグランドへ移設し、文化センター横をメガネフェス、SGDsなどの野外イベントや子供たちが遊べるアスレチック施設のある公園にしてほしいと思います。
今後、ママのための街づくりが行われると思いますが、長久手市のようにパパも住みやすい街として声を集めて欲しい。",１．いま住んでる地区にずっと住み続けたい,,小さい時から住んでいるため。,パソコン;スマートフォン（スマホ）,,子どもから高齢者まで安心して教育を受けられるまち;お店や娯楽施設が豊富で夜でもにぎやかさのあるまち;個性を尊重し多様なライフスタイルが実現できるまち,,眼鏡業界にいるが、ここ数年IOFTの展示会の費用が年々高くなっている。国内のみならず、海外のメーカー、商社も集まる場を鯖江市が出資して欲しい。世界的なイベントに今後なると思うので、鯖江はもちろん、福井県内の観光や経済活性化につながると思います。,インフレで家計が圧迫しているため、減税などの対策をして欲しい。
52,SR00005297,2023-07-10T13:11:43,女性,30～39歳,豊,鯖江市中心部からさほど離れていないので、日頃の買い物、通院等に不便ではなく、かつ静かに暮らせるところが良いところ。特に自慢したいところはありません。,地区の役員会を平日夜に開かないでほしい。子育て世帯のことを考えていない。,病児保育施設が少なすぎる。定員が少なくて予約困難。天候不良の日に子どもを遊ばせる場所がない。,１．いま住んでる地区にずっと住み続けたい,,家を建てたので。,パソコン;スマートフォン（スマホ）,,子どもから高齢者まで安心して教育を受けられるまち;安心して結婚・出産・子育てができるまち;高度な医療や福祉サービスが充実したまち,,,
51,SR00005141,2023-07-10T13:10:26,男性,75歳以上,立待,静かな環境であり、買い物、病院通いに適している。,地区の運営が旧態依然としており、変えようとする、変えたい雰囲気がみられない。,コミュ二ティバスをもっと充実してほしい。10年後、車運転出来なくなるかもしれないので。,１．いま住んでる地区にずっと住み続けたい,,Q4で記入したとおりです。,パソコン;スマートフォン（スマホ）;テレビ,,まちなみや景観が美しいまち;歴史・伝統・芸術・文化を大切にするまち;だれもが自由に移動できる交通利便性の高いまち,,防犯対策レベルを上げて安心した生活が出来る町にしてほしい。,今後の神明苑について、現在はどこまで進んでいるのでしょう？市として情報開示、発信してください。
49,SR00004984,2023-07-10T13:02:41,男性,65～69歳,神明（神明・鳥羽小学校区）,市民の主体性,利権政治の排除,新しい産業を創ることに弱い、変わってほしい,１．いま住んでる地区にずっと住み続けたい,,便利、住みやすい,スマートフォン（スマホ）;パソコン;新聞・雑誌など,,地域資源を活かした観光交流が盛んなまち;産業が盛んで働く場所が充実したまち;若者や女性に選ばれる魅力のあるまち,,"コンパクトシティーを、活かせ。
産業の新陳代謝を、促せ。

年寄り退場、若者主役で、",行政の透明性の確保
48,SR00004853,2023-07-10T12:57:56,女性,65～69歳,吉川,新しい住宅があちこちに建ち、若い人口が増えている。,人口が増加して小学校の生徒がマンモス化しているらしい。,高齢化も進み市街地以外は交通の便が悪く出かける手段が難しくなる,１．いま住んでる地区にずっと住み続けたい,,70年近く住んでいて今更他に行きたくない。,スマートフォン（スマホ）;テレビ;新聞・雑誌など,,高度な医療や福祉サービスが充実したまち;安心して結婚・出産・子育てができるまち;だれもが自由に移動できる交通利便性の高いまち,,,
47,SR00004706,2023-07-10T12:56:46,男性,30～39歳,河和田,"自然が豊か。
静か","店がほしい。
田んぼや山の手入れがなされていない。",車がなくても生活できるようになってほしい。,１．いま住んでる地区にずっと住み続けたい,,住みやすいし、環境は気に入っているから。,パソコン;スマートフォン（スマホ）;新聞・雑誌など,,歴史・伝統・芸術・文化を大切にするまち;産業が盛んで働く場所が充実したまち;安心して結婚・出産・子育てができるまち,,どこにすんでいても、買いものがしやすい。そんなまちにしたい。,
46,SR00004693,2023-07-10T12:55:00,男性,30～39歳,豊,"自然がある(三床山)
治安が良い(地域住民の目や交番もある)
慣れ親しんだ土地","クスリのアオキやゲンキーなど日用品販売店が欲しい
子供の通学路にガードレールがない箇所が散見されるため、可能な範囲で整備して欲しい
子供の通学路の要所に監視カメラを設置し、学区内の保護者がいつでも確認できるようにして欲しい(川沿いや公園も)","子育て世帯への支援や設備拡充
ファミリー向けのイベント拡充
つつじバスを通学用として利用できるような施策(学校の始業・終業時刻に合わせた便の追加や変更)
鯖江市LINEアカウントからのイベントや防災情報(避難所情報やハザードマップなど)
市政からのお知らせなどをPDF形式でLINE配信し、手続きなどもLINEからできるような仕組みがあると良い
鯖江市HPが見づらい(必要な手続きがどこの何課で何を持参するか、今年度の市政の状況など)ため、掲示用HPではなく市民が操作する目線で構成してほしい
受付窓口のリアルタイム待合状況がHPやLINEメニューから見れると助かる(急ぎでなければ混雑を避けて向かえる)
地場産業(メガネや漆器など)の広報を多岐に広げ、全国的に鯖江市を有名にしてほしい(例えば、市民限定で地場産業を特価販売し、市民全員が鯖江市のアンバサダーになりたくなるような仕組み)
鯖江駅周辺を活性化して欲しい(飲食店やセレクトショップ、写真映えするようなモニュメントなど)",１．いま住んでる地区にずっと住み続けたい,,今の地区に特段不満はなく、小さい頃から慣れ親しんだ土地で、両親も近くにいるため,パソコン;スマートフォン（スマホ）;新聞・雑誌など,,地域資源を活かした観光交流が盛んなまち;安心して結婚・出産・子育てができるまち;スポーツに親しむ環境が整備されたまち,,誰もが自信を持って鯖江市に住んでいると自慢できるような街になっていってほしい,
45,SR00004514,2023-07-10T12:53:02,男性,60～64歳,豊,花いっぱい運動などのボランティア活動などが、盛んなところ,地域活動に、従事する人が減ってきていること。,伝統産業や、眼鏡産業への支援も必要かもしれないが、次世代の雇用の受け皿となるような基盤となる産業がないため、若者の人口流出が止まらない。企業誘致などの成果が見えず、越前市や福井市のベッドタウン化している。,１．いま住んでる地区にずっと住み続けたい,,生まれ育ち、働いてきた街だから,パソコン;スマートフォン（スマホ）;新聞・雑誌など,,高度な医療や福祉サービスが充実したまち;産業が盛んで働く場所が充実したまち;その他,農業支援の充実したまち。質問項目にもないほど軽視されている。,"丹南高校後を県立大学の鯖江キャンパスとして活用し、若者人口を増やす。
",財政が厳しいのであれば、パフォーマン的な施策をやめ、資源を浪費すべきでない。また、公共施設の老朽化、整理統合に対して考え方をわかりやすく市民に示すべき。
44,SR00004450,2023-07-10T12:52:58,女性,50～59歳,吉川,昼間はほとんどおらず、よくわからない。特になし。,昼間はほとんどおらず、よくわからない。特になし。,特にはない。,１．いま住んでる地区にずっと住み続けたい,,持ち家なので、住み続けたいと思っている。生まれて育った市でもあるし、特に離れる理由がない。,スマートフォン（スマホ）;パソコン,,子どもから高齢者まで安心して教育を受けられるまち;安心して結婚・出産・子育てができるまち,,,保育士の処遇を改善して、人手不足を解消し、待機児童を無くしてほしい。
43,SR00004391,2023-07-10T12:52:09,男性,60～64歳,立待,特にない,高齢者や高齢者予備軍へのフレイル予防指導,飲食店の充実、市外から呼び込めるくらいの店が多くなるといい。,５．県外に移りたい,神奈川、千葉、静岡,雪の心配がない。冬のどんよりした気候がない,パソコン;スマートフォン（スマホ）,,若者や女性に選ばれる魅力のあるまち;デジタル技術を活用したサービスが充実したまち;だれもが自由に移動できる交通利便性の高いまち,,むずかしい,取り組みの成果が見えない。市民が成果を評価できるようして、自らさそる取組への参加を促す
41,SR00004136,2023-07-10T12:39:33,女性,40～49歳,吉川,緑が豊か。コウノトリが近くで見れる,スーパーやドラッグストアなどがないと思うので不便,若者の集う場所がないので子供達が鯖江から離れてくのが心配。少し大きめの施設や店が店が出来てほしい。,１．いま住んでる地区にずっと住み続けたい,,引っ越しする予定はないのでこのまま住みたいです,スマートフォン（スマホ）,,子どもから高齢者まで安心して教育を受けられるまち;若者や女性に選ばれる魅力のあるまち;お店や娯楽施設が豊富で夜でもにぎやかさのあるまち,,全年代が十分に毎日イキイキと楽しく過ごせる街になってほしい。,"幅広い年代の人達が楽しめるイベントなどを企画してほしい。
他市にあるCafeやお店などを鯖江市にも建ててほしい"
40,SR00004002,2023-07-10T12:32:43,女性,60～64歳,立待,地場産業が根付いており、近場の勤め先の選択が多く良いと思う。,"最近雨が大量に降ります。
石田橋付近の川が土砂が流れてきていて
川の深さが浅くなっているように思います。何か対策してもらうことはできないでしょうか。","日野川の西地区は商業施設がとても少ないです。西側開発も考えて欲しいです。
郵便も東側より１日遅れて届きます。
それはちょっと改善して欲しいです。",１．いま住んでる地区にずっと住み続けたい,,年齢的に他に行くのは正直おっくうなところもありますが、つつじバスで病院は行けるしまあ何とか続けて行けると思います。,パソコン;スマートフォン（スマホ）;新聞・雑誌など,,子どもから高齢者まで安心して教育を受けられるまち;安心して結婚・出産・子育てができるまち;大型商業施設（複合型店舗）があり生活利便性や満足度が高いまち,,"６０才前後の元気なお年寄りが楽しく仕事が出来て社会貢献がしやすい街作りをお願いします。
空き家をコミニティーの場所にしたり、やすい家賃で貸して喫茶店やお店にしやすくして若い人に仕事の場を提供してください。","これからの家庭の形として、子供達が独立したあと、片方の配偶者が亡くなると、1人暮らしのお年寄りが増えていく状況だと思います。そうなった場合金銭的に厳しい状況になってくると思います。
そうなった時に市からの何らかの支援があり暮らしやすくなれば、あぁ鯖江市で良かったーと思うのではないでしょうか　笑"
38,SR00003862,2023-07-10T12:29:54,男性,60～64歳,神明（神明・鳥羽小学校区）,神明駅を中心に歴史的な遺産が点在している。,防災意識が低いこと。,西山公園から忠霊塔迄を一体的に整備できると良い気がしています。,１．いま住んでる地区にずっと住み続けたい,,満足しているから。、,スマートフォン（スマホ）;新聞・雑誌など,,人々のふれあいやコミュニティ活動が盛んで温かいまち;防災対策や防犯対策が十分で安全安心に暮らせるまち,,若い世代が安心できる街で、発信力もあると魅力的ですね。,
37,SR00003763,2023-07-10T12:28:46,女性,40～49歳,中河,,つつじバスの便が良くない。,小中学生が冬などにつつじバスで通学できるダイヤがあるといい。,１．いま住んでる地区にずっと住み続けたい,,住みやすい,スマートフォン（スマホ）;新聞・雑誌など;テレビ,,安心して結婚・出産・子育てができるまち;だれもが自由に移動できる交通利便性の高いまち,,,
36,SR00003639,2023-07-10T12:21:35,女性,30～39歳,新横江（鯖江東小学校区）,北中山地区から新横江地区から引っ越したら、お店も公園も保育園も学校も全て近くにあって便利になった,"新横江地区のワイプラからしんよこえこども園の間の交差点が見えづらく追突事故がたまにあるから危険。
もう一つ中河交番近くのY字の交差点も河和田方面に行く道が通りづらいし車がぶつかりそうになった事もあり危険。
両方とも信号をつけてほしい。",休日に無料で小さいこどもがあそべる屋内施設をつくってほしい,１．いま住んでる地区にずっと住み続けたい,,実家も近くにあり住みやすいから,スマートフォン（スマホ）;テレビ;新聞・雑誌など,,子どもから高齢者まで安心して教育を受けられるまち;安心して結婚・出産・子育てができるまち;だれもが自由に移動できる交通利便性の高いまち,,,
35,SR00003515,2023-07-10T12:20:06,男性,50～59歳,鯖江（惜陰・進徳小学校区）,壮年会活動が活発,町内役員の高齢化,広報さばえ紙面でなくても良い,１．いま住んでる地区にずっと住み続けたい,,住み良い,スマートフォン（スマホ）;パソコン;タブレット端末,,子どもから高齢者まで安心して教育を受けられるまち;その他;身近に自然を感じることのできるまち,気候変動に配慮した環境のまち,自然豊かなまち,
34,SR00003477,2023-07-10T12:17:16,男性,60～64歳,鯖江（惜陰・進徳小学校区）,"鯖江市の中心である。
交通、買い物に便利である。",高齢化が進み、町内役員の担い手が少ない。,小学生未満の幼児が、冬季間遊べる屋内施設が必要と思う。,１．いま住んでる地区にずっと住み続けたい,,友人が多い。,パソコン;スマートフォン（スマホ）;テレビ,,子どもから高齢者まで安心して教育を受けられるまち;歴史・伝統・芸術・文化を大切にするまち;防災対策や防犯対策が十分で安全安心に暮らせるまち,,,
33,SR00003354,2023-07-10T12:15:47,女性,60～64歳,鯖江（惜陰・進徳小学校区）,歩いて買い物が出来る，川沿いで散歩道があり自然を楽しむことが出来る,雪が降ると道が開かない時がある,人が，集まって何が作品作り出来る場所が欲しい,５．県外に移りたい,,土地で何かを育てたいが離れた所の土地しか買えない,スマートフォン（スマホ）;新聞・雑誌など,,人々のふれあいやコミュニティ活動が盛んで温かいまち;デジタル技術を活用したサービスが充実したまち;歴史・伝統・芸術・文化を大切にするまち,,公園などに果物の木を植えて季節感ある生活をする、子供会で季節事の取り組みで利用する,
32,SR00003272,2023-07-10T12:13:26,女性,30～39歳,吉川,近くに川、山、田んぼなど自然が豊かなところ,子供が雨の日でも遊べる空間がほしい。,夏休みに子供の昼ごはんの提供ができるところがほしい。,１．いま住んでる地区にずっと住み続けたい,,慣れた場所だから,スマートフォン（スマホ）;テレビ,,若者や女性に選ばれる魅力のあるまち;大型商業施設（複合型店舗）があり生活利便性や満足度が高いまち;安心して結婚・出産・子育てができるまち,,,
31,SR00003107,2023-07-10T12:10:04,女性,40～49歳,河和田,自然,交通機関,娯楽施設が少ない,３．市内の他の地区に移りたい,鯖江の街中,交通が不便,携帯電話（スマートフォン以外）;テレビ;タブレット端末,,まちなみや景観が美しいまち;高度な医療や福祉サービスが充実したまち;だれもが自由に移動できる交通利便性の高いまち,,,
30,SR00003078,2023-07-10T12:06:58,男性,50～59歳,吉川,コウノトリが舞う,無し,無し,１．いま住んでる地区にずっと住み続けたい,,心地良いから,パソコン;スマートフォン（スマホ）;新聞・雑誌など,,まちなみや景観が美しいまち;高度な医療や福祉サービスが充実したまち;安心して結婚・出産・子育てができるまち,,,
29,SR00002901,2023-07-10T12:06:45,男性,50～59歳,鯖江（惜陰・進徳小学校区）,サンドームでイベントがある時のおせっ会のみなさんのおもてなし,鯖江駅前の車の駐車、駅前に、賑わいが無い,若者、女性がもっと輝ける街に,１．いま住んでる地区にずっと住み続けたい,,鯖江市が好きなので,パソコン;スマートフォン（スマホ）;テレビ,,安心して結婚・出産・子育てができるまち;子どもから高齢者まで安心して教育を受けられるまち;まちなみや景観が美しいまち,,,
28,SR00002802,2023-07-10T12:05:43,男性,50～59歳,立待,"山、川など自然豊かである
静かで住みやすい
",特にない,"イオンなどの商業施設があるといい。
若者が夢を持って活躍できるような街に",１．いま住んでる地区にずっと住み続けたい,,住みやすい,パソコン;スマートフォン（スマホ）;タブレット端末,,子どもから高齢者まで安心して教育を受けられるまち;安心して結婚・出産・子育てができるまち;防災対策や防犯対策が十分で安全安心に暮らせるまち,,,
27,SR00002772,2023-07-10T01:00:35,女性,22～29歳,鯖江（惜陰・進徳小学校区）,サンドームが近く、賑やかであるところ,ワイプラザや鯖中付近の西縦貫線交通渋滞、鯖江駅西口の送迎車混雑、ウエルシア交差点付近や陸橋の交通渋滞,サンドーム付近の土地の商業化、交通渋滞の解消、鯖江駅東口改札の開設、犬を遊ばせられる場所が無いのでドッグランが欲しい。,４．県内の他の市町に移りたい,福井市社地区,どこへ行くにも利便性がある(バス、電車、自家用車)、気軽に運動したり遊んだりできる(運動公園)、飲食店や服雑貨屋など近くの店舗が豊富,スマートフォン（スマホ）;パソコン;テレビ,,安心して結婚・出産・子育てができるまち;だれもが自由に移動できる交通利便性の高いまち;大型商業施設（複合型店舗）があり生活利便性や満足度が高いまち,,勝手な印象で申し訳ないですが、鯖江市は福井越前が職場の人のベッドタウンとされている印象があります。そういう人たちがわざわざ休日に車で20分30分かけて遠方まで出掛けずとも地元で買い物して地元で遊んでができる場所だと、子育てや高齢者の健康づくりなども担えるし働く世代の時間コストも削減できてみんなハッピーになれるんじゃないかなと思います。,Instagramはよく拝見しておりますが、その他SNSももっと活用した方がいいのではないでしょうか。普段から積極的に使いフォロワー数を稼いでおくことで、災害時など急を要する時の情報拡散が可能ではないかと思います。
26,SR00002615,2023-07-09T21:20:28,男性,40～49歳,鯖江（惜陰・進徳小学校区）,,投票所の舟津児童センターの駐車場が狭くて混雑しすぎる。ふれあいみんなの館に変更してほしい。,デジタルの活用が弱い,１．いま住んでる地区にずっと住み続けたい,,特に不便がないから,パソコン;スマートフォン（スマホ）;ＶＲゴーグル,,デジタル技術を活用したサービスが充実したまち;若者や女性に選ばれる魅力のあるまち;子どもから高齢者まで安心して教育を受けられるまち,,"世界初のチャレンジが次々と誕生する町
世界中の人を歓迎する町
世界一、メガネデバイスの活用に力をいれる町
世界一、デジタル推進に力をいれる町",今やっている事業をすべてオープンにしてほしい（公金支出情報の全公開）
25,SR00002513,2023-07-08T07:00:29,男性,60～64歳,片上,,"人口減が進んでおり、小学校が入学者が激減することが確定している。

なんとかする必要がある。","若者に魅力的な職場の確保。
先端企業の誘致
研究施設の立地
など。",１．いま住んでる地区にずっと住み続けたい,,特に他のところに行く積極的理由がない,パソコン;新聞・雑誌など,,産業が盛んで働く場所が充実したまち;若者や女性に選ばれる魅力のあるまち;安心して結婚・出産・子育てができるまち,,,
24,SR00002468,2023-07-07T09:27:27,女性,50～59歳,神明（神明・鳥羽小学校区）,"徒歩圏内にお店や駅があり、高齢者になっても車に頼らない生活ができる。
町内会活動も程よくあり、村部に比べ
制約も少なくプライバシーが守られ、周囲の目を気にせずに暮らせる
","幼少の子供たちが安心して遊べる場所がない
公園に安心して使えるトイレがないため、安心して連れていける公園が少ない
神明苑の利活用","子供と過ごせる場所がない
",１．いま住んでる地区にずっと住み続けたい,,この年齢層で他のところに住む理由がない,パソコン;スマートフォン（スマホ）;新聞・雑誌など,,安心して結婚・出産・子育てができるまち;個性を尊重し多様なライフスタイルが実現できるまち,,越前市や福井市に近いので、住む場所としては立地がいいので、「働くのは市外、住むのは鯖江市」となるように仕掛けていくといいと思う。,"外向けのPRに目を向けるよりも、市民が何を求めているのか、今住んでいる市民のために必要なことが何かを一番に考えてほしい
選ばれるまちになるためには、今住んでいる人たちが離れていかないことが大切であり、一部の意見に振り回されないことが大切だと思う。
新幹線の駅がなく人口も減っていく中で、新しい施設が本当に必要なのか、原点に立ち返って冷静に判断してほしい。
保育所でおむつのサブスクをとりいれてほしい。
市役所１階のトイレはタイル張りで汚く、手続きに子供を連れて行ったときに、服を脱がせづらくて大変困った。
"
21,SR00002175,2023-07-06T13:53:15,男性,22～29歳,神明（神明・鳥羽小学校区）,"近くに何でもそろっているため生活圏で苦労することがない
人口も増えてきている","交通面で不便
事故が多い",若者が遊ぶ場がない,１．いま住んでる地区にずっと住み続けたい,,住みやすいため,スマートフォン（スマホ）;テレビ,,子どもから高齢者まで安心して教育を受けられるまち;大型商業施設（複合型店舗）があり生活利便性や満足度が高いまち;若者や女性に選ばれる魅力のあるまち,,,
19,SR00001916,2023-07-05T16:37:16,男性,22～29歳,鯖江（惜陰・進徳小学校区）,主要幹線道路へのアクセスが良く、中心部であるため高速道路のインターや駅にも近く移動がしやすい。,"通勤時間帯の道路の混雑
","映画館がもっとでかくなってほしい。
福井市中心部に行かずとも事足りる商業施設や娯楽施設を充実させてほしい。
イオンシネマとか大型ショッピングモールを誘致してほしい。",１．いま住んでる地区にずっと住み続けたい,,現状周囲の環境に大きな不満がないため,スマートフォン（スマホ）;パソコン,,大型商業施設（複合型店舗）があり生活利便性や満足度が高いまち;お店や娯楽施設が豊富で夜でもにぎやかさのあるまち;まちなみや景観が美しいまち,,"福井市中心部に行かずとも事足りる商業施設や娯楽施設を充実させてほしい。
イオンシネマとか大型ショッピングモールを誘致してほしい。",特になし
16,SR00001697,2023-07-05T14:09:04,女性,22～29歳,鯖江（惜陰・進徳小学校区）,自然が多い,交通の便が悪い,駅付近にカフェ多くあるといい,１．いま住んでる地区にずっと住み続けたい,,住みやすい,スマートフォン（スマホ）,,歴史・伝統・芸術・文化を大切にするまち,,,
15,SR00001537,2023-07-05T12:49:41,女性,40～49歳,北中山,地域活動に熱心な人が多い。,新戸口トンネルができ、福井市へのアクセスの利便性が向上しました。人口減少が進んでいますが、福井駅周辺まで車で２０分少々で到着できるので、若い世代にも北中山地区で生活する選択肢をもってほしい。,他市に比べ、福祉に対する力の入れ方が弱いと感じます。子育てだけではなく、高齢者、障がい者は誰にでも可能性があることなので、支援が必要と感じます。,１．いま住んでる地区にずっと住み続けたい,,自然を感じる田舎の地区だが、スーパーやドラッグストアも近く、生活に便利なため。,スマートフォン（スマホ）;テレビ;新聞・雑誌など,,まちなみや景観が美しいまち;産業が盛んで働く場所が充実したまち;高度な医療や福祉サービスが充実したまち,,以前から話はあるが、形が見えない神明地区の再開発について気になります。人口が多い地区なのに、鯖江地区や立待地区と比較すると、一押しポイントが弱いと感じ、もったいないと思います。,
14,SR00001403,2023-07-05T11:36:23,男性,50～59歳,北中山,自然が豊富である。,"若者が集まる場所
交通の便が特に悪い。（高齢者が困っている。）
高齢者の意見ですべてが決定するなどは改善してほしい。","魅力ある街
人が集まる場
子供や高齢者が一緒に遊べる場（室内）",５．県外に移りたい,金沢、京都など,生活しやすい（交通、買い物、観光など）,パソコン;スマートフォン（スマホ）;テレビ,,子どもから高齢者まで安心して教育を受けられるまち;だれもが自由に移動できる交通利便性の高いまち;大型商業施設（複合型店舗）があり生活利便性や満足度が高いまち,,"他市にないもの
",
13,SR00001355,2023-07-05T11:22:39,女性,40～49歳,鯖江（惜陰・進徳小学校区）,鯖江の古い歴史が残っている。また店が多く、買い物に便利。,細い道路が多く、不便。しかし、昔ながらのまち並みでもあるので、変えることが必ずしも必要ではないとも感じている。,投票率の低さ。市議会議員の定員数が多いのではないか。もっと少なくてもいいのでは？,１．いま住んでる地区にずっと住み続けたい,,住むことを考えると生活に便利だから。また鯖江だからこそ自分のやりたいことが今現在できていると感じているから。,スマートフォン（スマホ）;タブレット端末;パソコン,,人々のふれあいやコミュニティ活動が盛んで温かいまち;個性を尊重し多様なライフスタイルが実現できるまち;防災対策や防犯対策が十分で安全安心に暮らせるまち,,すでに人口減少が始まっている。これから選ばれるまちになるためには、誰もがチャレンジでき、それを応援する行政や住民がいて、多様性が尊重されるまちであってほしい。,"今回の市議会議員選挙で、投票率を上げるために本当に何か行っていたのか疑問。投票所のバリアフリー化や期日前投票の投票所を増やすなど、すぐにでもやれるのでは？と思えることも多い。
また、新幹線開通後の鯖江の公共交通についても今後生活が不便になるのではないかという不安がある。駅東側の再開発も予定されているようだが、本当に市民の生活が便利になる再開発であるのかを考えてほしい。
神明宛のように、明らかに予算を食うだけの一部の世代にしか必要でない風呂施設を、利用していない人の感情的な署名が集まっただけでなんとなく継続されていくようなことがこれ以上起こってほしくないと願っている。"
12,SR00001208,2023-07-05T11:12:07,女性,50～59歳,鯖江（惜陰・進徳小学校区）,市街地であり、商店や金融機関が身近にあり住みやすい。,当該地区は高齢化が進んでいます。近所を見渡すと高齢者に限らず、比較的若い人も引きこもっている人が目立ち、声かけや交流ができていません。特にコロナ禍以降、町内や地区の催事も無くなり、声をかける契機も逸しているように感じます。地区で孤立化している人がなくなるといいと思いますが、実際どうすればいいのかもわからない現状です。,"年齢を問わずに気軽に立ち寄れる居場所が少ないので、もっと増えるといいと思います。
大型のショッピングセンター等ではなく、楽しいな、ワクワクするなと思えるような居場所。
学校以外の居場所、特に不登校児童の居場所や学業を担保できる仕組みがあるといいと思います。",１．いま住んでる地区にずっと住み続けたい,,今住んでいる場所が住みやすいから,スマートフォン（スマホ）;新聞・雑誌など,,人々のふれあいやコミュニティ活動が盛んで温かいまち;安心して結婚・出産・子育てができるまち;子どもから高齢者まで安心して教育を受けられるまち,,"鯖江市は人の顔が見える人口規模で、小学校区単位での特に公民館を拠点とした人づくりが期待されます。また、世界体操や豪雨災害で培った「おせっかい精神」は、どこの自治体にも負けないと思います。
子どもから高齢者、障がい者も健常者も公民館等での市民との対話を活発にして、地域にとって何が必要か一緒に考え、一緒に創り出すしくみがあるといいと思います。取り分け北中山地区は地区自治に先行して取り組んでおり、モデル的な存在です。市全域で広がるといいかと考えます。",
11,SR00001139,2023-07-05T09:59:33,男性,40～49歳,神明（神明・鳥羽小学校区）,立地がよい。丹南病院、駅、スーパーなどが徒歩圏内にある,少しずれているかもだが、日野川が近くにあり、近年の大雨で堤防が決壊する恐れがないよう改修してほしい,色んな事業をするのではなく、本当に必要な事業だけを行政がやるようにしてもらい、人口減、税収減の将来に生きる若い世代への負担にならないよう、借金を少しでも減らして欲しい。,１．いま住んでる地区にずっと住み続けたい,,今住んでる場所が住みやすいから（河川の氾濫を除く）,スマートフォン（スマホ）;タブレット端末;テレビ,,若者や女性に選ばれる魅力のあるまち;人々のふれあいやコミュニティ活動が盛んで温かいまち;大型商業施設（複合型店舗）があり生活利便性や満足度が高いまち,,,行政が色々やろうとしても、堅苦しい内容でしかできない（市民の興味を引くようなイベントはできない）のだから、必要最小限の機能を持った行政組織にして、その分、人員のスリム化等を行い、将来の財政負担を少しでも減らした方がいいのではないでしょうか
10,SR00001031,2023-07-05T09:48:40,男性,60～64歳,神明（神明・鳥羽小学校区）,福鉄三十八社駅付近の整備された農地と住環境が共存する広大な緑地空間,"日野川・浅水川水系の合流部であり、水害リスクが高いので、河川の浚渫等、抜本的治水対策を望む。
、",北陸新幹線開業効果を長期的かつ継続的に本市に呼び込むためにも、鯖江駅周辺（特に東口）に関しては、市の顔・シンボルとしての魅力ある近代的な都市整備を望む。,１．いま住んでる地区にずっと住み続けたい,,閑静な住環境で住みやすいから,スマートフォン（スマホ）;新聞・雑誌など;テレビ,,だれもが自由に移動できる交通利便性の高いまち;まちなみや景観が美しいまち;防災対策や防犯対策が十分で安全安心に暮らせるまち,,市街地整備、周辺地域の農地環境整備など、都市基盤・公共施設を中心に全市的にインフラ整備が充実した、かつ、世界に冠たる眼鏡産業を軸とした地味にすごいユニークな都市であり、他県・他市から見ると魅力的であると思うので、情報発信の取組を強化するよりも、交通アクセスや宿泊滞在環境など外から「訪れやすい・過ごしやすい・交わりやすい」都市を目指したまちづくり整備を進めていくべきだと思う。,
9,SR00000987,2023-07-05T09:44:12,男性,40～49歳,新横江（鯖江東小学校区）,"眼鏡会館、東公園など施設は充実
８号線、高速道路のアクセスもいい
山にはホタル、清水など環境も悪くない","歩道の整備をしてもらえると嬉しい
","大型商業施設があると便利にはなる、うるさくなるのは嫌だけど
",１．いま住んでる地区にずっと住み続けたい,,"別に困っていない
固定資産がある以上離れるのは難しい",スマートフォン（スマホ）,,子どもから高齢者まで安心して教育を受けられるまち;スポーツに親しむ環境が整備されたまち;大型商業施設（複合型店舗）があり生活利便性や満足度が高いまち,,"スポーツ施設・商業施設があると元気が出るんじゃないかと思います。
市民が集える場所がないところがさみしい",
8,SR00000885,2023-07-05T09:39:14,男性,40～49歳,神明（神明・鳥羽小学校区）,家の周りに、スーパーや飲食店が多く、子供を遊ばせる公園もあり、福井市へのアクセスもよい。,特段、治安が悪いわけではないが、引き続き治安が良い地区であってほしい。,流行り廃りがあるかもしれないが、子どもや高齢者にやさしいまちとなってほしい。,３．市内の他の地区に移りたい,北中山地区,実家があり、子育てしやすいから。,スマートフォン（スマホ）;パソコン;新聞・雑誌など,,子どもから高齢者まで安心して教育を受けられるまち;安心して結婚・出産・子育てができるまち;だれもが自由に移動できる交通利便性の高いまち,,,
6,SR00000602,2023-07-05T09:27:50,女性,60～64歳,吉川,こうのとりの育成,公共交通がない。つつじバスも本数が少なく、目的地に行くのにも遠回りしなければならないこと。,言っても変わらないと思います。,５．県外に移りたい,滋賀県,年を取っていくと除雪も負担になってきたので、雪の降らないところで自家用車がなくても生活できるところで住みたいから。,スマートフォン（スマホ）;新聞・雑誌など,,個性を尊重し多様なライフスタイルが実現できるまち;産業が盛んで働く場所が充実したまち;子どもから高齢者まで安心して教育を受けられるまち,,特にありません。,議会でお互いの批判ばかり言ってないで、本当に市民のために意見交換して市民が暮らしやすくなる、または移住したくなる制度を整えてほしいです。
5,SR00000506,2023-07-05T09:18:12,男性,50～59歳,鯖江（惜陰・進徳小学校区）,西山公園,鯖江駅周辺の環境整備,"若い世代の集える場所が少ないところ
",１．いま住んでる地区にずっと住み続けたい,,公園等が整備されており住みやすいから。,スマートフォン（スマホ）;新聞・雑誌など;パソコン,,防災対策や防犯対策が十分で安全安心に暮らせるまち;安心して結婚・出産・子育てができるまち;人々のふれあいやコミュニティ活動が盛んで温かいまち,,人口減対策として、「子育てのしやすい街」として各種対策を行っていく必要があると考えます。,